                    ;3                  ;2                  ;1                  ;5                  ;0.000276           ;0                  ;1
                    ;3                  ;2                  ;1                  ;5                  ;0.000256           ;0                  ;1
                    ;3                  ;2                  ;1                  ;5                  ;0.000266           ;0                  ;1
                    ;2                  ;2                  ;1                  ;1                  ;0.000228           ;0                  ;1
                    ;2                  ;2                  ;1                  ;1                  ;0.00023            ;0                  ;1
                    ;2                  ;2                  ;1                  ;1                  ;0.000217           ;0                  ;1
                    ;3                  ;2                  ;1                  ;5                  ;0.000226           ;0                  ;1
                    ;3                  ;2                  ;1                  ;5                  ;0.000241           ;0                  ;1
                    ;3                  ;2                  ;1                  ;5                  ;0.000271           ;0                  ;1
                    ;4                  ;2                  ;1                  ;4                  ;0.000234           ;0                  ;1
                    ;4                  ;2                  ;1                  ;4                  ;0.000243           ;0                  ;1
                    ;4                  ;2                  ;1                  ;4                  ;0.000227           ;0                  ;1
                    ;2                  ;2                  ;1                  ;1                  ;0.000235           ;0                  ;1
                    ;2                  ;2                  ;1                  ;1                  ;0.000222           ;0                  ;1
                    ;2                  ;2                  ;1                  ;1                  ;0.000255           ;0                  ;1
                    ;4                  ;3                  ;1                  ;1                  ;0.000284           ;0                  ;2
                    ;4                  ;3                  ;1                  ;1                  ;0.000242           ;0                  ;2
                    ;4                  ;3                  ;1                  ;1                  ;0.000273           ;0                  ;2
                    ;4                  ;3                  ;1                  ;1                  ;0.000269           ;0                  ;2
                    ;4                  ;3                  ;1                  ;1                  ;0.000284           ;0                  ;2
                    ;4                  ;3                  ;1                  ;1                  ;0.000243           ;0                  ;2
                    ;2                  ;3                  ;1                  ;2                  ;0.000228           ;0                  ;2
                    ;2                  ;3                  ;1                  ;2                  ;0.000249           ;0                  ;2
                    ;2                  ;3                  ;1                  ;2                  ;0.00023            ;0                  ;2
                    ;3                  ;3                  ;1                  ;4                  ;0.000233           ;0                  ;2
                    ;3                  ;3                  ;1                  ;4                  ;0.000233           ;0                  ;2
                    ;3                  ;3                  ;1                  ;4                  ;0.000236           ;0                  ;2
                    ;3                  ;3                  ;1                  ;5                  ;0.000274           ;0                  ;2
                    ;3                  ;3                  ;1                  ;5                  ;0.000287           ;0                  ;2
                    ;3                  ;3                  ;1                  ;5                  ;0.000277           ;0                  ;2
                    ;2                  ;3                  ;1                  ;3                  ;0.000248           ;0                  ;2
                    ;2                  ;3                  ;1                  ;3                  ;0.000249           ;0                  ;2
                    ;2                  ;3                  ;1                  ;3                  ;0.000264           ;0                  ;2
                    ;1                  ;3                  ;1                  ;2                  ;0.000227           ;0                  ;2
                    ;1                  ;3                  ;1                  ;2                  ;0.000228           ;0                  ;2
                    ;1                  ;3                  ;1                  ;2                  ;0.000217           ;0                  ;2
                    ;2                  ;3                  ;1                  ;2                  ;0.000241           ;0                  ;2
                    ;2                  ;3                  ;1                  ;2                  ;0.000239           ;0                  ;2
                    ;5                  ;3                  ;1                  ;8                  ;0.0003             ;0                  ;2
                    ;5                  ;3                  ;1                  ;8                  ;0.000294           ;0                  ;2
                    ;5                  ;3                  ;1                  ;8                  ;0.000265           ;0                  ;2
                    ;2                  ;3                  ;1                  ;1                  ;0.000225           ;0                  ;2
                    ;2                  ;3                  ;1                  ;1                  ;0.000263           ;0                  ;2
                    ;4                  ;3                  ;1                  ;1                  ;0.000316           ;0                  ;0
                    ;4                  ;3                  ;1                  ;1                  ;0.000258           ;0                  ;2
                    ;4                  ;3                  ;1                  ;1                  ;0.000278           ;1                  ;2
                    ;4                  ;3                  ;1                  ;1                  ;0.000316           ;0                  ;2
                    ;1                  ;3                  ;1                  ;1                  ;0.000218           ;0                  ;2
                    ;1                  ;3                  ;1                  ;1                  ;0.000224           ;0                  ;2
                    ;1                  ;3                  ;1                  ;1                  ;0.000224           ;0                  ;2
                    ;4                  ;3                  ;1                  ;1                  ;0.00028            ;0                  ;2
                    ;1                  ;4                  ;1                  ;1                  ;0.000306           ;0                  ;0
                    ;4                  ;4                  ;1                  ;2                  ;0.000434           ;0                  ;1
                    ;4                  ;4                  ;1                  ;2                  ;0.000433           ;0                  ;1
                    ;4                  ;4                  ;1                  ;2                  ;0.000461           ;0                  ;1
                    ;7                  ;4                  ;1                  ;7                  ;0.000396           ;0                  ;2
                    ;7                  ;4                  ;1                  ;7                  ;0.000346           ;0                  ;2
                    ;7                  ;4                  ;1                  ;7                  ;0.000349           ;0                  ;2
                    ;7                  ;4                  ;1                  ;7                  ;0.000522           ;0                  ;2
                    ;7                  ;4                  ;1                  ;7                  ;0.000478           ;0                  ;2
                    ;7                  ;4                  ;1                  ;7                  ;0.000445           ;0                  ;2
                    ;1                  ;4                  ;1                  ;3                  ;0.000285           ;0                  ;2
                    ;1                  ;4                  ;1                  ;3                  ;0.000287           ;0                  ;2
                    ;1                  ;4                  ;1                  ;3                  ;0.000278           ;0                  ;2
                    ;2                  ;4                  ;1                  ;2                  ;0.000286           ;0                  ;2
                    ;2                  ;4                  ;1                  ;2                  ;0.000322           ;0                  ;2
                    ;2                  ;4                  ;1                  ;2                  ;0.000273           ;0                  ;2
                    ;6                  ;4                  ;1                  ;9                  ;0.000316           ;0                  ;2
                    ;6                  ;4                  ;1                  ;9                  ;0.000317           ;0                  ;2
                    ;6                  ;4                  ;1                  ;9                  ;0.000283           ;0                  ;2
                    ;2                  ;4                  ;1                  ;2                  ;0.000268           ;0                  ;2
                    ;2                  ;4                  ;1                  ;2                  ;0.000308           ;0                  ;2
                    ;2                  ;4                  ;1                  ;2                  ;0.000305           ;0                  ;2
                    ;2                  ;4                  ;1                  ;2                  ;0.00035            ;0                  ;2
                    ;12                 ;4                  ;1                  ;6                  ;0.000452           ;0                  ;2
                    ;12                 ;4                  ;1                  ;6                  ;0.000461           ;0                  ;2
                    ;12                 ;4                  ;1                  ;6                  ;0.000679           ;0                  ;2
                    ;2                  ;4                  ;1                  ;1                  ;0.000261           ;0                  ;2
                    ;5                  ;4                  ;1                  ;16                 ;0.000323           ;0                  ;2
                    ;5                  ;4                  ;1                  ;16                 ;0.000316           ;0                  ;2
                    ;5                  ;4                  ;1                  ;16                 ;0.000295           ;0                  ;2
                    ;1                  ;4                  ;1                  ;1                  ;0.000519           ;0                  ;0
                    ;5                  ;4                  ;1                  ;6                  ;0.000312           ;0                  ;2
                    ;5                  ;4                  ;1                  ;6                  ;0.000312           ;0                  ;2
                    ;5                  ;4                  ;1                  ;6                  ;0.000285           ;0                  ;2
                    ;7                  ;4                  ;1                  ;7                  ;0.000397           ;0                  ;2
                    ;7                  ;4                  ;1                  ;7                  ;0.000343           ;0                  ;2
                    ;7                  ;4                  ;1                  ;7                  ;0.000311           ;0                  ;2
                    ;18                 ;5                  ;1                  ;19                 ;0.000528           ;0                  ;3
                    ;18                 ;5                  ;1                  ;19                 ;0.000524           ;0                  ;3
                    ;18                 ;5                  ;1                  ;19                 ;0.000462           ;0                  ;3
                    ;18                 ;5                  ;1                  ;19                 ;0.000501           ;0                  ;3
                    ;18                 ;5                  ;1                  ;19                 ;0.000507           ;0                  ;3
                    ;18                 ;5                  ;1                  ;19                 ;0.000471           ;0                  ;3
                    ;18                 ;5                  ;1                  ;19                 ;0.000499           ;0                  ;3
                    ;18                 ;5                  ;1                  ;19                 ;0.000489           ;0                  ;3
                    ;18                 ;5                  ;1                  ;19                 ;0.000469           ;0                  ;3
                    ;18                 ;5                  ;1                  ;19                 ;0.00051            ;0                  ;3
                    ;18                 ;5                  ;1                  ;19                 ;0.000512           ;0                  ;3
                    ;18                 ;5                  ;1                  ;19                 ;0.000469           ;0                  ;3
                    ;2                  ;5                  ;1                  ;1                  ;0.001085           ;0                  ;0
                    ;9                  ;5                  ;1                  ;19                 ;0.000552           ;0                  ;3
                    ;9                  ;5                  ;1                  ;19                 ;0.000552           ;0                  ;3
                    ;9                  ;5                  ;1                  ;19                 ;0.000538           ;0                  ;3
                    ;2                  ;5                  ;1                  ;2                  ;0.000382           ;0                  ;3
                    ;2                  ;5                  ;1                  ;2                  ;0.000397           ;0                  ;3
                    ;2                  ;5                  ;1                  ;2                  ;0.000414           ;0                  ;3
                    ;7                  ;5                  ;1                  ;2                  ;0.00054            ;0                  ;3
                    ;7                  ;5                  ;1                  ;2                  ;0.000561           ;0                  ;3
                    ;7                  ;5                  ;1                  ;2                  ;0.00049            ;0                  ;3
                    ;8                  ;5                  ;1                  ;6                  ;0.002272           ;0                  ;0
                    ;8                  ;5                  ;1                  ;6                  ;0.000714           ;0                  ;3
                    ;8                  ;5                  ;1                  ;6                  ;0.000707           ;0                  ;3
                    ;8                  ;5                  ;1                  ;6                  ;0.00048            ;0                  ;3
                    ;18                 ;5                  ;1                  ;19                 ;0.000496           ;0                  ;3
                    ;18                 ;5                  ;1                  ;19                 ;0.000493           ;0                  ;3
                    ;18                 ;5                  ;1                  ;19                 ;0.000487           ;0                  ;3
                    ;18                 ;5                  ;1                  ;19                 ;0.000505           ;0                  ;3
                    ;18                 ;5                  ;1                  ;19                 ;0.000504           ;0                  ;3
                    ;18                 ;5                  ;1                  ;19                 ;0.000519           ;0                  ;3
                    ;11                 ;5                  ;1                  ;9                  ;0.000858           ;0                  ;3
                    ;11                 ;5                  ;1                  ;9                  ;0.000832           ;0                  ;3
                    ;11                 ;5                  ;1                  ;9                  ;0.000638           ;0                  ;3
                    ;9                  ;5                  ;1                  ;10                 ;0.000717           ;0                  ;3
                    ;9                  ;5                  ;1                  ;10                 ;0.000704           ;0                  ;3
                    ;9                  ;5                  ;1                  ;10                 ;0.000707           ;0                  ;3
                    ;6                  ;5                  ;1                  ;3                  ;0.002158           ;0                  ;3
                    ;6                  ;5                  ;1                  ;3                  ;0.001953           ;0                  ;3
                    ;6                  ;5                  ;1                  ;3                  ;0.002452           ;0                  ;3
                    ;18                 ;5                  ;1                  ;19                 ;0.000488           ;0                  ;3
                    ;18                 ;5                  ;1                  ;19                 ;0.000538           ;0                  ;3
                    ;7                  ;6                  ;2                  ;7                  ;0.000407           ;0                  ;3
                    ;7                  ;6                  ;2                  ;7                  ;0.000396           ;0                  ;3
                    ;7                  ;6                  ;2                  ;7                  ;0.000378           ;0                  ;3
                    ;19                 ;6                  ;2                  ;7                  ;0.000514           ;0                  ;3
                    ;19                 ;6                  ;2                  ;7                  ;0.0005             ;0                  ;3
                    ;19                 ;6                  ;2                  ;7                  ;0.000534           ;0                  ;3
                    ;8                  ;6                  ;2                  ;19                 ;0.000834           ;0                  ;3
                    ;8                  ;6                  ;2                  ;19                 ;0.000819           ;0                  ;3
                    ;8                  ;6                  ;2                  ;19                 ;0.000822           ;0                  ;3
                    ;8                  ;6                  ;2                  ;19                 ;0.000876           ;0                  ;3
                    ;8                  ;6                  ;2                  ;19                 ;0.00084            ;0                  ;3
                    ;8                  ;6                  ;2                  ;19                 ;0.000807           ;0                  ;3
                    ;7                  ;6                  ;2                  ;7                  ;0.00041            ;0                  ;3
                    ;7                  ;6                  ;2                  ;7                  ;0.000399           ;0                  ;3
                    ;7                  ;6                  ;2                  ;7                  ;0.000376           ;0                  ;3
                    ;19                 ;6                  ;2                  ;7                  ;0.000478           ;0                  ;3
                    ;19                 ;6                  ;2                  ;7                  ;0.000465           ;0                  ;3
                    ;19                 ;6                  ;2                  ;7                  ;0.00051            ;0                  ;3
                    ;8                  ;6                  ;2                  ;19                 ;0.000833           ;0                  ;3
                    ;8                  ;6                  ;2                  ;19                 ;0.000893           ;0                  ;3
                    ;8                  ;6                  ;2                  ;19                 ;0.00084            ;0                  ;3
                    ;8                  ;6                  ;2                  ;19                 ;0.00085            ;0                  ;3
                    ;8                  ;6                  ;2                  ;19                 ;0.000833           ;0                  ;3
                    ;8                  ;6                  ;2                  ;19                 ;0.000802           ;0                  ;3
                    ;5                  ;6                  ;2                  ;2                  ;0.000423           ;0                  ;2
                    ;5                  ;6                  ;2                  ;2                  ;0.000464           ;0                  ;2
                    ;5                  ;6                  ;2                  ;2                  ;0.00039            ;0                  ;2
                    ;7                  ;6                  ;2                  ;19                 ;0.001063           ;0                  ;3
                    ;7                  ;6                  ;2                  ;19                 ;0.001076           ;0                  ;3
                    ;7                  ;6                  ;2                  ;19                 ;0.000792           ;0                  ;3
                    ;7                  ;6                  ;2                  ;19                 ;0.001122           ;0                  ;3
                    ;7                  ;6                  ;2                  ;19                 ;0.001091           ;0                  ;3
                    ;7                  ;6                  ;2                  ;19                 ;0.000756           ;0                  ;3
                    ;7                  ;6                  ;2                  ;7                  ;0.000438           ;0                  ;3
                    ;7                  ;6                  ;2                  ;7                  ;0.000404           ;0                  ;3
                    ;7                  ;6                  ;2                  ;7                  ;0.000377           ;0                  ;3
                    ;19                 ;6                  ;2                  ;7                  ;0.000467           ;0                  ;3
                    ;19                 ;6                  ;2                  ;7                  ;0.000468           ;0                  ;3
                    ;19                 ;6                  ;2                  ;7                  ;0.000508           ;0                  ;3
                    ;16                 ;6                  ;2                  ;23                 ;0.000615           ;0                  ;3
                    ;16                 ;6                  ;2                  ;23                 ;0.000606           ;0                  ;3
                    ;16                 ;6                  ;2                  ;23                 ;0.000623           ;0                  ;3
                    ;8                  ;6                  ;2                  ;19                 ;0.000842           ;0                  ;3
                    ;8                  ;6                  ;2                  ;19                 ;0.00082            ;0                  ;3
                    ;8                  ;6                  ;2                  ;19                 ;0.000809           ;0                  ;3
                    ;8                  ;6                  ;2                  ;19                 ;0.000852           ;0                  ;3
                    ;8                  ;6                  ;2                  ;19                 ;0.000834           ;0                  ;3
                    ;8                  ;6                  ;2                  ;19                 ;0.000816           ;0                  ;3
                    ;7                  ;6                  ;2                  ;7                  ;0.000414           ;0                  ;3
                    ;19                 ;6                  ;2                  ;7                  ;0.000464           ;0                  ;3
                    ;8                  ;6                  ;2                  ;19                 ;0.000846           ;0                  ;3
                    ;8                  ;6                  ;2                  ;19                 ;0.000852           ;0                  ;3
                    ;27                 ;7                  ;2                  ;56                 ;0.00194            ;0                  ;4
                    ;27                 ;7                  ;2                  ;56                 ;0.001954           ;0                  ;4
                    ;27                 ;7                  ;2                  ;56                 ;0.001513           ;0                  ;4
                    ;10                 ;8                  ;2                  ;1                  ;0.000639           ;0                  ;3
                    ;10                 ;8                  ;2                  ;1                  ;0.000641           ;0                  ;3
                    ;10                 ;8                  ;2                  ;1                  ;0.000665           ;0                  ;4
                    ;10                 ;8                  ;2                  ;1                  ;0.000635           ;0                  ;3
                    ;10                 ;8                  ;2                  ;1                  ;0.000631           ;0                  ;3
                    ;10                 ;8                  ;2                  ;1                  ;0.000669           ;0                  ;4
                    ;10                 ;8                  ;2                  ;1                  ;0.000625           ;0                  ;3
                    ;10                 ;8                  ;2                  ;1                  ;0.000633           ;0                  ;3
                    ;10                 ;8                  ;2                  ;1                  ;0.000676           ;0                  ;4
                    ;10                 ;8                  ;2                  ;1                  ;0.000543           ;0                  ;4
                    ;3                  ;9                  ;2                  ;5                  ;0.00088            ;0                  ;2
                    ;3                  ;9                  ;2                  ;5                  ;0.000591           ;0                  ;3
                    ;3                  ;10                 ;3                  ;5                  ;0.000823           ;0                  ;3
                    ;11                 ;11                 ;3                  ;6                  ;0.000856           ;0                  ;6
                    ;11                 ;11                 ;3                  ;6                  ;0.000834           ;0                  ;6
                    ;11                 ;11                 ;3                  ;6                  ;0.00053            ;0                  ;6
                    ;7                  ;12                 ;3                  ;4                  ;0.00112            ;0                  ;5
                    ;7                  ;12                 ;3                  ;4                  ;0.001117           ;0                  ;5
                    ;7                  ;12                 ;3                  ;4                  ;0.000786           ;0                  ;5
                    ;7                  ;12                 ;3                  ;4                  ;0.001121           ;0                  ;5
                    ;7                  ;12                 ;3                  ;4                  ;0.001119           ;0                  ;5
                    ;7                  ;12                 ;3                  ;4                  ;0.000784           ;0                  ;5
                    ;3                  ;14                 ;4                  ;6                  ;0.000645           ;0                  ;7
                    ;3                  ;14                 ;4                  ;6                  ;0.000632           ;0                  ;7
                    ;3                  ;14                 ;4                  ;6                  ;0.000677           ;0                  ;7
                    ;3                  ;14                 ;4                  ;6                  ;0.000653           ;0                  ;7
                    ;3                  ;14                 ;4                  ;6                  ;0.000628           ;0                  ;7
                    ;3                  ;14                 ;4                  ;6                  ;0.000704           ;0                  ;7
                    ;3                  ;14                 ;4                  ;6                  ;0.000667           ;0                  ;7
                    ;3                  ;14                 ;4                  ;6                  ;0.000629           ;0                  ;7
                    ;3                  ;14                 ;4                  ;6                  ;0.000676           ;0                  ;7
                    ;35                 ;14                 ;4                  ;23                 ;0.000691           ;0                  ;7
                    ;35                 ;14                 ;4                  ;23                 ;0.000694           ;0                  ;7
                    ;35                 ;14                 ;4                  ;23                 ;0.000649           ;0                  ;7
                    ;3                  ;14                 ;4                  ;6                  ;0.000683           ;0                  ;7
                    ;9                  ;15                 ;4                  ;11                 ;0.001175           ;0                  ;8
                    ;9                  ;15                 ;4                  ;11                 ;0.000592           ;0                  ;8
                    ;9                  ;15                 ;4                  ;11                 ;0.00063            ;0                  ;8
                    ;9                  ;15                 ;4                  ;11                 ;0.001184           ;0                  ;8
                    ;9                  ;15                 ;4                  ;11                 ;0.000614           ;0                  ;8
                    ;9                  ;15                 ;4                  ;11                 ;0.000646           ;0                  ;8
                    ;9                  ;15                 ;4                  ;11                 ;0.001189           ;0                  ;8
                    ;9                  ;15                 ;4                  ;11                 ;0.0006             ;0                  ;8
                    ;9                  ;15                 ;4                  ;11                 ;0.000632           ;0                  ;8
                    ;9                  ;15                 ;4                  ;11                 ;0.001207           ;0                  ;8
                    ;9                  ;15                 ;4                  ;11                 ;0.000616           ;0                  ;8
                    ;9                  ;15                 ;4                  ;11                 ;0.000642           ;0                  ;8
                    ;8                  ;15                 ;4                  ;5                  ;0.001373           ;0                  ;5
                    ;8                  ;15                 ;4                  ;5                  ;0.001359           ;0                  ;5
                    ;8                  ;15                 ;4                  ;5                  ;0.00141            ;0                  ;5
                    ;9                  ;15                 ;4                  ;11                 ;0.001174           ;0                  ;8
                    ;9                  ;15                 ;4                  ;11                 ;0.000605           ;0                  ;8
                    ;9                  ;15                 ;4                  ;11                 ;0.000616           ;0                  ;8
                    ;9                  ;15                 ;4                  ;11                 ;0.001222           ;0                  ;8
                    ;9                  ;15                 ;4                  ;11                 ;0.000614           ;0                  ;8
                    ;9                  ;15                 ;4                  ;11                 ;0.000627           ;0                  ;8
                    ;9                  ;15                 ;4                  ;11                 ;0.000613           ;0                  ;8
                    ;9                  ;15                 ;4                  ;11                 ;0.000627           ;0                  ;8
                    ;18                 ;16                 ;4                  ;1                  ;0.002292           ;0                  ;6
                    ;18                 ;16                 ;4                  ;1                  ;0.002269           ;0                  ;6
                    ;18                 ;16                 ;4                  ;1                  ;0.00262            ;0                  ;5
                    ;17                 ;16                 ;4                  ;1                  ;0.001511           ;0                  ;7
                    ;17                 ;16                 ;4                  ;1                  ;0.001495           ;0                  ;7
                    ;17                 ;16                 ;4                  ;1                  ;0.000767           ;0                  ;8
                    ;18                 ;16                 ;4                  ;1                  ;0.002254           ;0                  ;6
                    ;18                 ;16                 ;4                  ;1                  ;0.002321           ;0                  ;6
                    ;18                 ;16                 ;4                  ;1                  ;0.002607           ;0                  ;5
                    ;17                 ;16                 ;4                  ;17                 ;0.000733           ;0                  ;8
                    ;17                 ;16                 ;4                  ;17                 ;0.000728           ;0                  ;8
                    ;17                 ;16                 ;4                  ;17                 ;0.000818           ;0                  ;8
                    ;17                 ;16                 ;4                  ;1                  ;0.001491           ;0                  ;7
                    ;17                 ;16                 ;4                  ;1                  ;0.001474           ;0                  ;7
                    ;17                 ;16                 ;4                  ;1                  ;0.000786           ;0                  ;8
                    ;18                 ;16                 ;4                  ;1                  ;0.002248           ;0                  ;6
                    ;18                 ;16                 ;4                  ;1                  ;0.002275           ;0                  ;6
                    ;18                 ;16                 ;4                  ;1                  ;0.002594           ;0                  ;5
                    ;18                 ;16                 ;4                  ;1                  ;0.002896           ;0                  ;5
                    ;35                 ;17                 ;4                  ;23                 ;0.000776           ;0                  ;9
                    ;35                 ;17                 ;4                  ;23                 ;0.000838           ;0                  ;9
                    ;35                 ;17                 ;4                  ;23                 ;0.000779           ;0                  ;9
                    ;35                 ;17                 ;4                  ;23                 ;0.000832           ;0                  ;9
                    ;35                 ;17                 ;4                  ;23                 ;0.000772           ;0                  ;9
                    ;35                 ;17                 ;4                  ;23                 ;0.000833           ;0                  ;9
                    ;14                 ;18                 ;5                  ;14                 ;0.003999           ;0                  ;7
                    ;14                 ;18                 ;5                  ;14                 ;0.005799           ;0                  ;6
                    ;14                 ;18                 ;5                  ;14                 ;0.006133           ;0                  ;6
                    ;14                 ;18                 ;5                  ;14                 ;0.004032           ;0                  ;7
                    ;14                 ;18                 ;5                  ;14                 ;0.00577            ;0                  ;6
                    ;14                 ;18                 ;5                  ;14                 ;0.006799           ;0                  ;6
                    ;35                 ;18                 ;5                  ;23                 ;0.001063           ;0                  ;9
                    ;35                 ;18                 ;5                  ;23                 ;0.001069           ;0                  ;9
                    ;35                 ;18                 ;5                  ;23                 ;0.000986           ;0                  ;9
                    ;35                 ;18                 ;5                  ;23                 ;0.001047           ;0                  ;9
                    ;35                 ;18                 ;5                  ;23                 ;0.001063           ;0                  ;9
                    ;35                 ;18                 ;5                  ;23                 ;0.000981           ;0                  ;9
                    ;14                 ;18                 ;5                  ;14                 ;0.004073           ;0                  ;7
                    ;14                 ;18                 ;5                  ;14                 ;0.005811           ;0                  ;6
                    ;14                 ;18                 ;5                  ;14                 ;0.006139           ;0                  ;6
                    ;14                 ;18                 ;5                  ;14                 ;0.004311           ;0                  ;7
                    ;14                 ;18                 ;5                  ;14                 ;0.006263           ;0                  ;6
                    ;14                 ;18                 ;5                  ;14                 ;0.004463           ;0                  ;7
                    ;14                 ;18                 ;5                  ;14                 ;0.004435           ;0                  ;7
                    ;14                 ;18                 ;5                  ;14                 ;0.00476            ;0                  ;7
                    ;35                 ;19                 ;5                  ;23                 ;0.000901           ;0                  ;10
                    ;35                 ;19                 ;5                  ;23                 ;0.000984           ;0                  ;10
                    ;35                 ;19                 ;5                  ;23                 ;0.000991           ;0                  ;10
                    ;35                 ;19                 ;5                  ;23                 ;0.001043           ;0                  ;10
                    ;35                 ;19                 ;5                  ;23                 ;0.000908           ;0                  ;10
                    ;35                 ;19                 ;5                  ;23                 ;0.001006           ;0                  ;10
                    ;35                 ;19                 ;5                  ;23                 ;0.000959           ;0                  ;10
                    ;35                 ;19                 ;5                  ;23                 ;0.00105            ;0                  ;10
                    ;3                  ;19                 ;5                  ;6                  ;0.001862           ;0                  ;4
                    ;3                  ;19                 ;5                  ;6                  ;0.001815           ;0                  ;4
                    ;3                  ;19                 ;5                  ;6                  ;0.001784           ;0                  ;4
                    ;3                  ;19                 ;5                  ;6                  ;0.001803           ;0                  ;4
                    ;3                  ;19                 ;5                  ;6                  ;0.00183            ;0                  ;4
                    ;3                  ;19                 ;5                  ;6                  ;0.001785           ;0                  ;4
                    ;35                 ;19                 ;5                  ;23                 ;0.000905           ;0                  ;10
                    ;35                 ;19                 ;5                  ;23                 ;0.000971           ;0                  ;10
                    ;35                 ;19                 ;5                  ;23                 ;0.000958           ;0                  ;10
                    ;35                 ;19                 ;5                  ;23                 ;0.001048           ;0                  ;10
                    ;35                 ;19                 ;5                  ;23                 ;0.00094            ;0                  ;10
                    ;35                 ;19                 ;5                  ;23                 ;0.001041           ;0                  ;10
                    ;3                  ;21                 ;5                  ;6                  ;0.002447           ;0                  ;4
                    ;3                  ;21                 ;5                  ;6                  ;0.001963           ;0                  ;5
                    ;3                  ;21                 ;5                  ;6                  ;0.002203           ;0                  ;6
                    ;3                  ;21                 ;5                  ;6                  ;0.002434           ;0                  ;4
                    ;3                  ;21                 ;5                  ;6                  ;0.001991           ;0                  ;5
                    ;3                  ;21                 ;5                  ;6                  ;0.002177           ;0                  ;6
                    ;3                  ;21                 ;5                  ;6                  ;0.002562           ;0                  ;3
                    ;3                  ;21                 ;5                  ;6                  ;0.002412           ;0                  ;3
                    ;3                  ;21                 ;5                  ;6                  ;0.002409           ;1                  ;3
                    ;3                  ;21                 ;5                  ;6                  ;0.002402           ;0                  ;5
                    ;3                  ;21                 ;5                  ;6                  ;0.002389           ;0                  ;5
                    ;3                  ;21                 ;5                  ;6                  ;0.002432           ;0                  ;5
                    ;3                  ;21                 ;5                  ;6                  ;0.002438           ;0                  ;5
                    ;3                  ;21                 ;5                  ;6                  ;0.002388           ;0                  ;5
                    ;3                  ;21                 ;5                  ;6                  ;0.002307           ;0                  ;5
                    ;3                  ;21                 ;5                  ;6                  ;0.002382           ;0                  ;4
                    ;3                  ;21                 ;5                  ;6                  ;0.001924           ;0                  ;5
                    ;3                  ;21                 ;5                  ;6                  ;0.002236           ;0                  ;6
                    ;3                  ;21                 ;5                  ;6                  ;0.002471           ;0                  ;4
                    ;3                  ;21                 ;5                  ;6                  ;0.002035           ;0                  ;5
                    ;3                  ;21                 ;5                  ;6                  ;0.00231            ;0                  ;6
                    ;3                  ;21                 ;5                  ;6                  ;0.002552           ;0                  ;3
                    ;3                  ;21                 ;5                  ;6                  ;0.002377           ;0                  ;3
                    ;3                  ;21                 ;5                  ;6                  ;0.002397           ;0                  ;3
                    ;3                  ;21                 ;5                  ;6                  ;0.002391           ;0                  ;5
                    ;3                  ;21                 ;5                  ;6                  ;0.002381           ;0                  ;5
                    ;3                  ;21                 ;5                  ;6                  ;0.002392           ;0                  ;5
                    ;3                  ;21                 ;5                  ;6                  ;0.002426           ;0                  ;5
                    ;3                  ;21                 ;5                  ;6                  ;0.002397           ;0                  ;5
                    ;3                  ;21                 ;5                  ;6                  ;0.002501           ;0                  ;5
                    ;3                  ;21                 ;5                  ;6                  ;0.002379           ;0                  ;4
                    ;3                  ;21                 ;5                  ;6                  ;0.002001           ;0                  ;5
                    ;3                  ;21                 ;5                  ;6                  ;0.002201           ;0                  ;6
                    ;3                  ;21                 ;5                  ;6                  ;0.002492           ;0                  ;4
                    ;3                  ;21                 ;5                  ;6                  ;0.002065           ;0                  ;5
                    ;3                  ;21                 ;5                  ;6                  ;0.002167           ;0                  ;6
                    ;3                  ;21                 ;5                  ;6                  ;0.002544           ;0                  ;3
                    ;3                  ;21                 ;5                  ;6                  ;0.002433           ;0                  ;3
                    ;3                  ;21                 ;5                  ;6                  ;0.002509           ;0                  ;3
                    ;3                  ;21                 ;5                  ;6                  ;0.002401           ;0                  ;5
                    ;3                  ;21                 ;5                  ;6                  ;0.002561           ;0                  ;5
                    ;3                  ;21                 ;5                  ;6                  ;0.002486           ;0                  ;5
                    ;3                  ;21                 ;5                  ;6                  ;0.002399           ;0                  ;5
                    ;3                  ;21                 ;5                  ;6                  ;0.002529           ;0                  ;5
                    ;3                  ;21                 ;5                  ;6                  ;0.002223           ;0                  ;5
                    ;3                  ;21                 ;5                  ;6                  ;0.002094           ;0                  ;5
                    ;3                  ;21                 ;5                  ;6                  ;0.002355           ;0                  ;5
                    ;3                  ;21                 ;5                  ;6                  ;0.002559           ;0                  ;3
                    ;3                  ;21                 ;5                  ;6                  ;0.002523           ;0                  ;5
                    ;3                  ;21                 ;5                  ;6                  ;0.002507           ;0                  ;5
                    ;4                  ;25                 ;6                  ;4                  ;0.007378           ;0                  ;1
                    ;12                 ;26                 ;7                  ;9                  ;0.003667           ;0                  ;13
                    ;12                 ;26                 ;7                  ;9                  ;0.00372            ;0                  ;13
                    ;12                 ;26                 ;7                  ;9                  ;0.003557           ;0                  ;13
                    ;12                 ;26                 ;7                  ;9                  ;0.003712           ;0                  ;13
                    ;12                 ;26                 ;7                  ;9                  ;0.003649           ;0                  ;13
                    ;12                 ;26                 ;7                  ;9                  ;0.003511           ;0                  ;13
                    ;40                 ;27                 ;7                  ;56                 ;0.007311           ;0                  ;12
                    ;40                 ;27                 ;7                  ;56                 ;0.006469           ;0                  ;13
                    ;12                 ;27                 ;7                  ;9                  ;0.004372           ;0                  ;10
                    ;12                 ;27                 ;7                  ;9                  ;0.004392           ;0                  ;10
                    ;12                 ;27                 ;7                  ;9                  ;0.004073           ;0                  ;10
                    ;40                 ;27                 ;7                  ;56                 ;0.007324           ;0                  ;12
                    ;40                 ;27                 ;7                  ;56                 ;0.006536           ;0                  ;13
                    ;12                 ;27                 ;7                  ;9                  ;0.004387           ;0                  ;10
                    ;12                 ;27                 ;7                  ;9                  ;0.004391           ;0                  ;10
                    ;12                 ;27                 ;7                  ;9                  ;0.004081           ;0                  ;10
                    ;40                 ;27                 ;7                  ;56                 ;0.007547           ;0                  ;12
                    ;40                 ;27                 ;7                  ;56                 ;0.006483           ;0                  ;13
                    ;40                 ;28                 ;7                  ;56                 ;0.004684           ;0                  ;14
                    ;40                 ;28                 ;7                  ;56                 ;0.004608           ;0                  ;14
                    ;40                 ;28                 ;7                  ;56                 ;0.00465            ;0                  ;14
                    ;16                 ;29                 ;7                  ;23                 ;0.008653           ;0                  ;0
                    ;16                 ;29                 ;7                  ;23                 ;0.0078             ;0                  ;0
                    ;16                 ;29                 ;7                  ;23                 ;0.007736           ;0                  ;0
                    ;16                 ;29                 ;7                  ;23                 ;0.01076            ;0                  ;0
                    ;17                 ;30                 ;8                  ;1                  ;0.001619           ;0                  ;15
                    ;17                 ;30                 ;8                  ;1                  ;0.001705           ;0                  ;15
                    ;17                 ;30                 ;8                  ;1                  ;0.001585           ;0                  ;15
                    ;13                 ;30                 ;8                  ;10                 ;0.004925           ;0                  ;9
                    ;13                 ;30                 ;8                  ;10                 ;0.004925           ;0                  ;9
                    ;13                 ;30                 ;8                  ;10                 ;0.005895           ;0                  ;9
                    ;17                 ;30                 ;8                  ;1                  ;0.001609           ;0                  ;15
                    ;17                 ;30                 ;8                  ;1                  ;0.001659           ;0                  ;15
                    ;17                 ;30                 ;8                  ;1                  ;0.001509           ;0                  ;15
                    ;34                 ;32                 ;8                  ;1                  ;0.01479            ;0                  ;1
                    ;34                 ;32                 ;8                  ;1                  ;0.009418           ;0                  ;10
                    ;34                 ;32                 ;8                  ;1                  ;0.015843           ;0                  ;1
                    ;33                 ;32                 ;8                  ;1                  ;0.00889            ;0                  ;10
                    ;33                 ;32                 ;8                  ;1                  ;0.008846           ;0                  ;10
                    ;33                 ;32                 ;8                  ;1                  ;0.00704            ;0                  ;10
                    ;34                 ;32                 ;8                  ;1                  ;0.014832           ;0                  ;1
                    ;34                 ;32                 ;8                  ;1                  ;0.009552           ;0                  ;10
                    ;34                 ;32                 ;8                  ;1                  ;0.017419           ;0                  ;1
                    ;33                 ;32                 ;8                  ;33                 ;0.002047           ;0                  ;16
                    ;33                 ;32                 ;8                  ;33                 ;0.002082           ;0                  ;16
                    ;33                 ;32                 ;8                  ;33                 ;0.002177           ;0                  ;16
                    ;33                 ;32                 ;8                  ;1                  ;0.00884            ;0                  ;10
                    ;33                 ;32                 ;8                  ;1                  ;0.009076           ;0                  ;10
                    ;33                 ;32                 ;8                  ;1                  ;0.007006           ;0                  ;10
                    ;32                 ;32                 ;8                  ;64                 ;0.033938           ;0                  ;16
                    ;32                 ;32                 ;8                  ;64                 ;0.03404            ;0                  ;16
                    ;32                 ;32                 ;8                  ;64                 ;0.026738           ;0                  ;16
                    ;34                 ;32                 ;8                  ;1                  ;0.014717           ;0                  ;1
                    ;34                 ;32                 ;8                  ;1                  ;0.009376           ;0                  ;10
                    ;34                 ;32                 ;8                  ;1                  ;0.017287           ;0                  ;1
                    ;34                 ;32                 ;8                  ;1                  ;0.013188           ;0                  ;7
                    ;382                ;33                 ;8                  ;82                 ;0.28081            ;1                  ;12
                    ;382                ;33                 ;8                  ;82                 ;0.280557           ;0                  ;12
                    ;382                ;33                 ;8                  ;369                ;0.658728           ;1                  ;0
                    ;382                ;33                 ;8                  ;82                 ;0.280516           ;0                  ;12
                    ;382                ;33                 ;8                  ;82                 ;0.281492           ;0                  ;12
                    ;382                ;33                 ;8                  ;369                ;0.65848            ;1                  ;0
                    ;15                 ;36                 ;9                  ;12                 ;0.005864           ;0                  ;11
                    ;15                 ;36                 ;9                  ;12                 ;0.005841           ;0                  ;11
                    ;15                 ;36                 ;9                  ;12                 ;0.006838           ;0                  ;11
                    ;6                  ;49                 ;12                 ;3                  ;0.031951           ;0                  ;3
                    ;6                  ;49                 ;12                 ;3                  ;0.031966           ;0                  ;3
                    ;6                  ;49                 ;12                 ;3                  ;0.033206           ;0                  ;3
                    ;23                 ;60                 ;15                 ;20                 ;0.020059           ;0                  ;20
                    ;23                 ;60                 ;15                 ;20                 ;0.020078           ;0                  ;20
                    ;23                 ;60                 ;15                 ;20                 ;0.023008           ;0                  ;20
                    ;25                 ;60                 ;15                 ;13                 ;0.061646           ;0                  ;9
                    ;32                 ;61                 ;15                 ;1                  ;0.009042           ;0                  ;28
                    ;32                 ;61                 ;15                 ;1                  ;0.008632           ;0                  ;28
                    ;32                 ;61                 ;15                 ;1                  ;0.009041           ;0                  ;28
                    ;32                 ;61                 ;15                 ;1                  ;0.008461           ;0                  ;28
                    ;32                 ;62                 ;16                 ;1                  ;0.010222           ;0                  ;27
                    ;32                 ;62                 ;16                 ;1                  ;0.01009            ;0                  ;27
                    ;17                 ;74                 ;19                 ;5                  ;0.038312           ;0                  ;13
                    ;17                 ;74                 ;19                 ;5                  ;0.038246           ;0                  ;13
                    ;17                 ;74                 ;19                 ;5                  ;0.049876           ;0                  ;12
                    ;17                 ;74                 ;19                 ;5                  ;0.038419           ;0                  ;13
                    ;17                 ;74                 ;19                 ;5                  ;0.038502           ;0                  ;13
                    ;17                 ;74                 ;19                 ;5                  ;0.049626           ;0                  ;12
                    ;17                 ;74                 ;19                 ;5                  ;0.038159           ;0                  ;13
                    ;17                 ;74                 ;19                 ;5                  ;0.038057           ;0                  ;13
                    ;17                 ;74                 ;19                 ;5                  ;0.049728           ;0                  ;12
                    ;17                 ;74                 ;19                 ;5                  ;0.038513           ;0                  ;13
                    ;19                 ;87                 ;22                 ;9                  ;0.048413           ;0                  ;14
                    ;33                 ;90                 ;23                 ;30                 ;0.043463           ;0                  ;14
                    ;33                 ;90                 ;23                 ;30                 ;0.043525           ;0                  ;14
                    ;33                 ;90                 ;23                 ;30                 ;0.043282           ;0                  ;14
                    ;33                 ;90                 ;23                 ;30                 ;0.043486           ;0                  ;14
                    ;35                 ;96                 ;24                 ;32                 ;0.035114           ;0                  ;35
                    ;35                 ;96                 ;24                 ;32                 ;0.035081           ;0                  ;35
                    ;15                 ;98                 ;25                 ;18                 ;0.049873           ;0                  ;25
                    ;16                 ;117                ;29                 ;12                 ;0.067972           ;0                  ;36
                    ;240                ;128                ;32                 ;64                 ;0.229022           ;0                  ;46
                    ;19                 ;128                ;32                 ;14                 ;0.093321           ;0                  ;44
                    ;16                 ;132                ;33                 ;12                 ;0.096238           ;0                  ;38
                    ;36                 ;135                ;34                 ;39                 ;0.124454           ;0                  ;33
                    ;36                 ;135                ;34                 ;39                 ;0.120417           ;0                  ;46
                    ;36                 ;135                ;34                 ;39                 ;0.124912           ;0                  ;33
                    ;36                 ;135                ;34                 ;39                 ;0.119934           ;0                  ;46
                    ;36                 ;135                ;34                 ;39                 ;0.12431            ;0                  ;33
                    ;36                 ;135                ;34                 ;39                 ;0.120422           ;1                  ;46
                    ;36                 ;135                ;34                 ;39                 ;0.157093           ;0                  ;47
                    ;36                 ;135                ;34                 ;39                 ;0.156903           ;0                  ;47
                    ;36                 ;135                ;34                 ;39                 ;0.134393           ;0                  ;47
                    ;35                 ;164                ;41                 ;49                 ;0.086584           ;0                  ;69
                    ;35                 ;164                ;41                 ;49                 ;0.076838           ;0                  ;71
                    ;35                 ;164                ;41                 ;49                 ;0.086652           ;0                  ;69
                    ;35                 ;164                ;41                 ;49                 ;0.076514           ;1                  ;71
                    ;35                 ;164                ;41                 ;49                 ;0.086999           ;0                  ;69
                    ;35                 ;164                ;41                 ;49                 ;0.076725           ;0                  ;71
                    ;35                 ;164                ;41                 ;49                 ;0.079941           ;0                  ;70
                    ;132                ;190                ;48                 ;65                 ;0.08101            ;0                  ;95
                    ;36                 ;211                ;53                 ;39                 ;0.393169           ;0                  ;51
                    ;36                 ;211                ;53                 ;39                 ;0.393791           ;1                  ;51
                    ;36                 ;211                ;53                 ;39                 ;0.392654           ;0                  ;51
                    ;36                 ;211                ;53                 ;39                 ;0.423887           ;1                  ;25
                    ;262                ;224                ;56                 ;197                ;0.134485           ;0                  ;112
                    ;262                ;224                ;56                 ;197                ;0.134855           ;0                  ;112
                    ;262                ;224                ;56                 ;197                ;0.090357           ;0                  ;112
                    ;228                ;224                ;56                 ;197                ;0.078457           ;0                  ;112
                    ;228                ;224                ;56                 ;197                ;0.08244            ;0                  ;112
                    ;228                ;224                ;56                 ;197                ;0.080506           ;0                  ;112
                    ;262                ;224                ;56                 ;197                ;0.134662           ;1                  ;112
                    ;262                ;224                ;56                 ;197                ;0.135396           ;0                  ;112
                    ;262                ;224                ;56                 ;197                ;0.090257           ;0                  ;112
                    ;228                ;224                ;56                 ;197                ;0.078402           ;0                  ;112
                    ;228                ;224                ;56                 ;197                ;0.083424           ;0                  ;112
                    ;228                ;224                ;56                 ;197                ;0.081225           ;0                  ;112
                    ;258                ;228                ;57                 ;193                ;0.092149           ;0                  ;114
                    ;258                ;228                ;57                 ;193                ;0.092194           ;0                  ;114
                    ;258                ;228                ;57                 ;193                ;0.092731           ;0                  ;114
                    ;47                 ;229                ;57                 ;45                 ;0.170886           ;0                  ;107
                    ;14                 ;359                ;90                 ;32                 ;2.40678            ;2                  ;58
                    ;31                 ;453                ;113                ;121                ;0.968565           ;1                  ;112
                    ;31                 ;453                ;113                ;121                ;0.96882            ;1                  ;112
                    ;62                 ;474                ;119                ;152                ;1.07488            ;1                  ;109
                    ;62                 ;474                ;119                ;152                ;1.08067            ;1                  ;109
                    ;62                 ;474                ;119                ;152                ;1.0762             ;2                  ;109
                    ;62                 ;490                ;123                ;152                ;1.23268            ;1                  ;114
                    ;62                 ;490                ;123                ;152                ;1.23542            ;1                  ;114
                    ;62                 ;490                ;123                ;152                ;1.23332            ;1                  ;114
                    ;77                 ;515                ;129                ;150                ;2.12974            ;3                  ;58
                    ;77                 ;515                ;129                ;150                ;2.13282            ;2                  ;58
                    ;77                 ;515                ;129                ;150                ;2.13105            ;2                  ;58
                    ;259                ;530                ;133                ;129                ;1.36684            ;1                  ;263
                    ;77                 ;534                ;134                ;150                ;2.10743            ;2                  ;80
                    ;77                 ;534                ;134                ;150                ;2.1064             ;3                  ;80
                    ;77                 ;534                ;134                ;150                ;2.10815            ;2                  ;80
                    ;14                 ;540                ;135                ;87                 ;2.92602            ;3                  ;33
                    ;14                 ;540                ;135                ;87                 ;2.926              ;3                  ;33
                    ;217                ;563                ;141                ;215                ;1.91486            ;2                  ;138
                    ;14                 ;597                ;149                ;87                 ;2.73486            ;2                  ;43
                    ;62                 ;638                ;160                ;152                ;1.77086            ;2                  ;169
                    ;62                 ;638                ;160                ;152                ;1.76899            ;2                  ;169
                    ;62                 ;638                ;160                ;152                ;1.77394            ;2                  ;169
                    ;31                 ;669                ;167                ;121                ;2.05789            ;2                  ;147
                    ;260                ;670                ;168                ;129                ;6.87222            ;7                  ;68
                    ;1130               ;770                ;193                ;1416               ;21.4535            ;21                 ;183
                    ;115                ;1083               ;271                ;152                ;12.1924            ;12                 ;213
                    ;38                 ;1424               ;356                ;304                ;13.64              ;13                 ;353
                    ;38                 ;1424               ;356                ;304                ;13.6698            ;13                 ;353
                    ;38                 ;1424               ;356                ;304                ;13.6392            ;14                 ;353
                    ;38                 ;1426               ;357                ;304                ;13.6162            ;14                 ;369
                    ;38                 ;1426               ;357                ;304                ;13.6583            ;13                 ;369
                    ;38                 ;1426               ;357                ;304                ;13.6202            ;14                 ;369
                    ;12                 ;1452               ;363                ;278                ;14.041             ;14                 ;411
                    ;28                 ;1464               ;366                ;106                ;15.1701            ;15                 ;200
                    ;28                 ;1464               ;366                ;106                ;20.1641            ;21                 ;205
                    ;28                 ;1464               ;366                ;106                ;15.1734            ;15                 ;200
                    ;28                 ;1464               ;366                ;106                ;20.2063            ;20                 ;205
                    ;28                 ;1464               ;366                ;106                ;22.8386            ;23                 ;196
                    ;28                 ;1464               ;366                ;106                ;22.8477            ;23                 ;196
                    ;28                 ;1464               ;366                ;106                ;20.3812            ;20                 ;196
                    ;28                 ;1464               ;366                ;106                ;15.1721            ;15                 ;200
                    ;28                 ;1464               ;366                ;106                ;20.1883            ;20                 ;205
                    ;28                 ;1636               ;409                ;106                ;18.2197            ;18                 ;215
                    ;28                 ;1636               ;409                ;106                ;18.2875            ;19                 ;215
                    ;28                 ;1636               ;409                ;106                ;18.2539            ;18                 ;215
                    ;28                 ;1636               ;409                ;106                ;17.8694            ;18                 ;230
                    ;35                 ;1728               ;432                ;320                ;13.3191            ;13                 ;178
                    ;35                 ;1728               ;432                ;320                ;13.3121            ;14                 ;178
                    ;35                 ;1728               ;432                ;320                ;13.3227            ;13                 ;178
                    ;35                 ;1728               ;432                ;320                ;13.323             ;13                 ;178
                    ;35                 ;1728               ;432                ;320                ;13.3171            ;14                 ;178
                    ;35                 ;1728               ;432                ;320                ;13.5818            ;13                 ;226
                    ;35                 ;1728               ;432                ;320                ;13.5782            ;13                 ;226
                    ;35                 ;1728               ;432                ;320                ;13.3238            ;14                 ;178
                    ;35                 ;1728               ;432                ;320                ;12.1868            ;12                 ;237
                    ;128                ;1746               ;437                ;121                ;29.8538            ;30                 ;186
                    ;84                 ;2199               ;550                ;48                 ;35.305             ;35                 ;347
                    ;162                ;3359               ;840                ;207                ;84.6218            ;85                 ;408
                    ;234                ;8808               ;2202               ;64                 ;720.798            ;722                ;855
                    ;98                 ;10544              ;2636               ;115                ;1012.29            ;1014               ;218
