                    ;3                  ;2                  ;1                  ;5                  ;0.001127           ;0                  ;1
                    ;3                  ;2                  ;1                  ;5                  ;0.001128           ;0                  ;1
                    ;3                  ;2                  ;1                  ;5                  ;0.001102           ;0                  ;1
                    ;2                  ;2                  ;1                  ;1                  ;0.000609           ;0                  ;1
                    ;2                  ;2                  ;1                  ;1                  ;0.000652           ;0                  ;1
                    ;2                  ;2                  ;1                  ;1                  ;0.000541           ;0                  ;1
                    ;3                  ;2                  ;1                  ;5                  ;0.00075            ;0                  ;1
                    ;3                  ;2                  ;1                  ;5                  ;0.000711           ;0                  ;1
                    ;3                  ;2                  ;1                  ;5                  ;0.000667           ;0                  ;1
                    ;4                  ;2                  ;1                  ;4                  ;0.000783           ;0                  ;1
                    ;4                  ;2                  ;1                  ;4                  ;0.000859           ;0                  ;1
                    ;4                  ;2                  ;1                  ;4                  ;0.000668           ;0                  ;1
                    ;2                  ;2                  ;1                  ;1                  ;0.000754           ;0                  ;1
                    ;2                  ;2                  ;1                  ;1                  ;0.000725           ;0                  ;1
                    ;2                  ;2                  ;1                  ;1                  ;0.000684           ;0                  ;1
                    ;4                  ;3                  ;1                  ;1                  ;0.000795           ;0                  ;2
                    ;4                  ;3                  ;1                  ;1                  ;0.000727           ;0                  ;2
                    ;4                  ;3                  ;1                  ;1                  ;0.000732           ;0                  ;2
                    ;4                  ;3                  ;1                  ;1                  ;0.000813           ;0                  ;2
                    ;4                  ;3                  ;1                  ;1                  ;0.000723           ;0                  ;2
                    ;4                  ;3                  ;1                  ;1                  ;0.000757           ;0                  ;2
                    ;2                  ;3                  ;1                  ;2                  ;0.001236           ;0                  ;2
                    ;2                  ;3                  ;1                  ;2                  ;0.001173           ;0                  ;2
                    ;2                  ;3                  ;1                  ;2                  ;0.000946           ;0                  ;2
                    ;3                  ;3                  ;1                  ;4                  ;0.001232           ;0                  ;2
                    ;3                  ;3                  ;1                  ;4                  ;0.001144           ;0                  ;2
                    ;3                  ;3                  ;1                  ;4                  ;0.001109           ;0                  ;2
                    ;3                  ;3                  ;1                  ;5                  ;0.002183           ;0                  ;2
                    ;3                  ;3                  ;1                  ;5                  ;0.001614           ;0                  ;2
                    ;3                  ;3                  ;1                  ;5                  ;0.001533           ;0                  ;2
                    ;2                  ;3                  ;1                  ;3                  ;0.001147           ;0                  ;2
                    ;2                  ;3                  ;1                  ;3                  ;0.001108           ;0                  ;2
                    ;2                  ;3                  ;1                  ;3                  ;0.001173           ;0                  ;2
                    ;1                  ;3                  ;1                  ;2                  ;0.000654           ;0                  ;2
                    ;1                  ;3                  ;1                  ;2                  ;0.000741           ;0                  ;2
                    ;1                  ;3                  ;1                  ;2                  ;0.000641           ;0                  ;2
                    ;2                  ;3                  ;1                  ;2                  ;0.001058           ;0                  ;2
                    ;2                  ;3                  ;1                  ;2                  ;0.001003           ;0                  ;2
                    ;5                  ;3                  ;1                  ;8                  ;0.001898           ;0                  ;2
                    ;5                  ;3                  ;1                  ;8                  ;0.001834           ;0                  ;2
                    ;5                  ;3                  ;1                  ;8                  ;0.001286           ;0                  ;2
                    ;2                  ;3                  ;1                  ;1                  ;0.000826           ;0                  ;2
                    ;2                  ;3                  ;1                  ;1                  ;0.000676           ;0                  ;2
                    ;4                  ;3                  ;1                  ;1                  ;0.001929           ;0                  ;0
                    ;4                  ;3                  ;1                  ;1                  ;0.000817           ;0                  ;2
                    ;4                  ;3                  ;1                  ;1                  ;0.000709           ;0                  ;2
                    ;4                  ;3                  ;1                  ;1                  ;0.000801           ;0                  ;2
                    ;1                  ;3                  ;1                  ;1                  ;0.000594           ;0                  ;2
                    ;1                  ;3                  ;1                  ;1                  ;0.000585           ;0                  ;2
                    ;1                  ;3                  ;1                  ;1                  ;0.000628           ;0                  ;2
                    ;4                  ;3                  ;1                  ;1                  ;0.000813           ;0                  ;2
                    ;1                  ;4                  ;1                  ;1                  ;0.001526           ;0                  ;0
                    ;4                  ;4                  ;1                  ;2                  ;0.003198           ;0                  ;1
                    ;4                  ;4                  ;1                  ;2                  ;0.003233           ;0                  ;1
                    ;4                  ;4                  ;1                  ;2                  ;0.002736           ;0                  ;1
                    ;7                  ;4                  ;1                  ;7                  ;0.00363            ;0                  ;2
                    ;7                  ;4                  ;1                  ;7                  ;0.003359           ;0                  ;2
                    ;7                  ;4                  ;1                  ;7                  ;0.002949           ;0                  ;2
                    ;7                  ;4                  ;1                  ;7                  ;0.007958           ;0                  ;2
                    ;7                  ;4                  ;1                  ;7                  ;0.007987           ;0                  ;2
                    ;7                  ;4                  ;1                  ;7                  ;0.006942           ;0                  ;2
                    ;1                  ;4                  ;1                  ;3                  ;0.002179           ;0                  ;2
                    ;1                  ;4                  ;1                  ;3                  ;0.002171           ;0                  ;2
                    ;1                  ;4                  ;1                  ;3                  ;0.001988           ;0                  ;2
                    ;2                  ;4                  ;1                  ;2                  ;0.002086           ;0                  ;2
                    ;2                  ;4                  ;1                  ;2                  ;0.00208            ;0                  ;2
                    ;2                  ;4                  ;1                  ;2                  ;0.002147           ;0                  ;2
                    ;6                  ;4                  ;1                  ;9                  ;0.002743           ;0                  ;2
                    ;6                  ;4                  ;1                  ;9                  ;0.002679           ;0                  ;2
                    ;6                  ;4                  ;1                  ;9                  ;0.002046           ;0                  ;2
                    ;2                  ;4                  ;1                  ;2                  ;0.001945           ;0                  ;2
                    ;2                  ;4                  ;1                  ;2                  ;0.002527           ;0                  ;2
                    ;2                  ;4                  ;1                  ;2                  ;0.002482           ;0                  ;2
                    ;2                  ;4                  ;1                  ;2                  ;0.00317            ;0                  ;2
                    ;12                 ;4                  ;1                  ;6                  ;0.006906           ;0                  ;2
                    ;12                 ;4                  ;1                  ;6                  ;0.006815           ;0                  ;2
                    ;12                 ;4                  ;1                  ;6                  ;0.017951           ;0                  ;2
                    ;2                  ;4                  ;1                  ;1                  ;0.001288           ;0                  ;2
                    ;5                  ;4                  ;1                  ;16                 ;0.002644           ;0                  ;2
                    ;5                  ;4                  ;1                  ;16                 ;0.002537           ;0                  ;2
                    ;5                  ;4                  ;1                  ;16                 ;0.002061           ;0                  ;2
                    ;1                  ;4                  ;1                  ;1                  ;0.002869           ;0                  ;0
                    ;5                  ;4                  ;1                  ;6                  ;0.002832           ;0                  ;2
                    ;5                  ;4                  ;1                  ;6                  ;0.003559           ;0                  ;2
                    ;5                  ;4                  ;1                  ;6                  ;0.002144           ;0                  ;2
                    ;7                  ;4                  ;1                  ;7                  ;0.003455           ;0                  ;2
                    ;7                  ;4                  ;1                  ;7                  ;0.003372           ;1                  ;2
                    ;7                  ;4                  ;1                  ;7                  ;0.002775           ;0                  ;2
                    ;18                 ;5                  ;1                  ;19                 ;0.008388           ;0                  ;3
                    ;18                 ;5                  ;1                  ;19                 ;0.008475           ;0                  ;3
                    ;18                 ;5                  ;1                  ;19                 ;0.007578           ;0                  ;3
                    ;18                 ;5                  ;1                  ;19                 ;0.008781           ;0                  ;3
                    ;18                 ;5                  ;1                  ;19                 ;0.008872           ;0                  ;3
                    ;18                 ;5                  ;1                  ;19                 ;0.007092           ;0                  ;3
                    ;18                 ;5                  ;1                  ;19                 ;0.008583           ;0                  ;3
                    ;18                 ;5                  ;1                  ;19                 ;0.008385           ;0                  ;3
                    ;18                 ;5                  ;1                  ;19                 ;0.007453           ;0                  ;3
                    ;18                 ;5                  ;1                  ;19                 ;0.008864           ;0                  ;3
                    ;18                 ;5                  ;1                  ;19                 ;0.00878            ;0                  ;3
                    ;18                 ;5                  ;1                  ;19                 ;0.007027           ;0                  ;3
                    ;2                  ;5                  ;1                  ;1                  ;0.016764           ;0                  ;0
                    ;9                  ;5                  ;1                  ;19                 ;0.008661           ;0                  ;3
                    ;9                  ;5                  ;1                  ;19                 ;0.008762           ;0                  ;3
                    ;9                  ;5                  ;1                  ;19                 ;0.007301           ;0                  ;3
                    ;2                  ;5                  ;1                  ;2                  ;0.003987           ;0                  ;3
                    ;2                  ;5                  ;1                  ;2                  ;0.004017           ;0                  ;3
                    ;2                  ;5                  ;1                  ;2                  ;0.005361           ;0                  ;3
                    ;7                  ;5                  ;1                  ;2                  ;0.010708           ;0                  ;3
                    ;7                  ;5                  ;1                  ;2                  ;0.01079            ;0                  ;3
                    ;7                  ;5                  ;1                  ;2                  ;0.009215           ;0                  ;3
                    ;8                  ;5                  ;1                  ;6                  ;0.04343            ;0                  ;0
                    ;8                  ;5                  ;1                  ;6                  ;0.023932           ;0                  ;3
                    ;8                  ;5                  ;1                  ;6                  ;0.023414           ;0                  ;3
                    ;8                  ;5                  ;1                  ;6                  ;0.00851            ;0                  ;3
                    ;18                 ;5                  ;1                  ;19                 ;0.008413           ;0                  ;3
                    ;18                 ;5                  ;1                  ;19                 ;0.008449           ;0                  ;3
                    ;18                 ;5                  ;1                  ;19                 ;0.007104           ;0                  ;3
                    ;18                 ;5                  ;1                  ;19                 ;0.008718           ;0                  ;3
                    ;18                 ;5                  ;1                  ;19                 ;0.008766           ;0                  ;3
                    ;18                 ;5                  ;1                  ;19                 ;0.006963           ;0                  ;3
                    ;11                 ;5                  ;1                  ;9                  ;0.028186           ;0                  ;3
                    ;11                 ;5                  ;1                  ;9                  ;0.028381           ;0                  ;3
                    ;11                 ;5                  ;1                  ;9                  ;0.015849           ;0                  ;3
                    ;9                  ;5                  ;1                  ;10                 ;0.029377           ;0                  ;3
                    ;9                  ;5                  ;1                  ;10                 ;0.029474           ;0                  ;3
                    ;9                  ;5                  ;1                  ;10                 ;0.032245           ;0                  ;3
                    ;6                  ;5                  ;1                  ;3                  ;0.082861           ;0                  ;3
                    ;6                  ;5                  ;1                  ;3                  ;0.081222           ;0                  ;3
                    ;6                  ;5                  ;1                  ;3                  ;0.095887           ;0                  ;3
                    ;18                 ;5                  ;1                  ;19                 ;0.008462           ;1                  ;3
                    ;18                 ;5                  ;1                  ;19                 ;0.008905           ;0                  ;3
                    ;7                  ;6                  ;2                  ;7                  ;0.006138           ;0                  ;3
                    ;7                  ;6                  ;2                  ;7                  ;0.005614           ;0                  ;3
                    ;7                  ;6                  ;2                  ;7                  ;0.004316           ;0                  ;3
                    ;19                 ;6                  ;2                  ;7                  ;0.007473           ;0                  ;3
                    ;19                 ;6                  ;2                  ;7                  ;0.007395           ;0                  ;3
                    ;19                 ;6                  ;2                  ;7                  ;0.008859           ;0                  ;3
                    ;8                  ;6                  ;2                  ;19                 ;0.031206           ;0                  ;3
                    ;8                  ;6                  ;2                  ;19                 ;0.028077           ;0                  ;3
                    ;8                  ;6                  ;2                  ;19                 ;0.028027           ;0                  ;3
                    ;8                  ;6                  ;2                  ;19                 ;0.03456            ;0                  ;3
                    ;8                  ;6                  ;2                  ;19                 ;0.02931            ;0                  ;3
                    ;8                  ;6                  ;2                  ;19                 ;0.026613           ;0                  ;3
                    ;7                  ;6                  ;2                  ;7                  ;0.006218           ;0                  ;3
                    ;7                  ;6                  ;2                  ;7                  ;0.005949           ;0                  ;3
                    ;7                  ;6                  ;2                  ;7                  ;0.004297           ;0                  ;3
                    ;19                 ;6                  ;2                  ;7                  ;0.007539           ;0                  ;3
                    ;19                 ;6                  ;2                  ;7                  ;0.007431           ;0                  ;3
                    ;19                 ;6                  ;2                  ;7                  ;0.009283           ;0                  ;3
                    ;8                  ;6                  ;2                  ;19                 ;0.031068           ;0                  ;3
                    ;8                  ;6                  ;2                  ;19                 ;0.027706           ;0                  ;3
                    ;8                  ;6                  ;2                  ;19                 ;0.028044           ;0                  ;3
                    ;8                  ;6                  ;2                  ;19                 ;0.034188           ;0                  ;3
                    ;8                  ;6                  ;2                  ;19                 ;0.029528           ;0                  ;3
                    ;8                  ;6                  ;2                  ;19                 ;0.026448           ;0                  ;3
                    ;5                  ;6                  ;2                  ;2                  ;0.004483           ;0                  ;2
                    ;5                  ;6                  ;2                  ;2                  ;0.004495           ;0                  ;2
                    ;5                  ;6                  ;2                  ;2                  ;0.003972           ;0                  ;2
                    ;7                  ;6                  ;2                  ;19                 ;0.043689           ;0                  ;3
                    ;7                  ;6                  ;2                  ;19                 ;0.043793           ;0                  ;3
                    ;7                  ;6                  ;2                  ;19                 ;0.021924           ;0                  ;3
                    ;7                  ;6                  ;2                  ;19                 ;0.044094           ;0                  ;3
                    ;7                  ;6                  ;2                  ;19                 ;0.044168           ;0                  ;3
                    ;7                  ;6                  ;2                  ;19                 ;0.021871           ;0                  ;3
                    ;7                  ;6                  ;2                  ;7                  ;0.00607            ;0                  ;3
                    ;7                  ;6                  ;2                  ;7                  ;0.005659           ;0                  ;3
                    ;7                  ;6                  ;2                  ;7                  ;0.004329           ;0                  ;3
                    ;19                 ;6                  ;2                  ;7                  ;0.007366           ;0                  ;3
                    ;19                 ;6                  ;2                  ;7                  ;0.007383           ;0                  ;3
                    ;19                 ;6                  ;2                  ;7                  ;0.008967           ;0                  ;3
                    ;16                 ;6                  ;2                  ;23                 ;0.014002           ;0                  ;3
                    ;16                 ;6                  ;2                  ;23                 ;0.01391            ;0                  ;3
                    ;16                 ;6                  ;2                  ;23                 ;0.014469           ;0                  ;3
                    ;8                  ;6                  ;2                  ;19                 ;0.043695           ;0                  ;3
                    ;8                  ;6                  ;2                  ;19                 ;0.028737           ;0                  ;3
                    ;8                  ;6                  ;2                  ;19                 ;0.028397           ;0                  ;3
                    ;8                  ;6                  ;2                  ;19                 ;0.054803           ;0                  ;3
                    ;8                  ;6                  ;2                  ;19                 ;0.035397           ;0                  ;3
                    ;8                  ;6                  ;2                  ;19                 ;0.026891           ;0                  ;3
                    ;7                  ;6                  ;2                  ;7                  ;0.006435           ;0                  ;3
                    ;19                 ;6                  ;2                  ;7                  ;0.00742            ;0                  ;3
                    ;8                  ;6                  ;2                  ;19                 ;0.042635           ;0                  ;3
                    ;8                  ;6                  ;2                  ;19                 ;0.054652           ;0                  ;3
                    ;27                 ;7                  ;2                  ;56                 ;0.093005           ;0                  ;4
                    ;27                 ;7                  ;2                  ;56                 ;0.097407           ;0                  ;4
                    ;27                 ;7                  ;2                  ;56                 ;0.100143           ;0                  ;4
                    ;10                 ;8                  ;2                  ;1                  ;0.007637           ;0                  ;3
                    ;10                 ;8                  ;2                  ;1                  ;0.00752            ;0                  ;3
                    ;10                 ;8                  ;2                  ;1                  ;0.00848            ;0                  ;4
                    ;10                 ;8                  ;2                  ;1                  ;0.007765           ;0                  ;3
                    ;10                 ;8                  ;2                  ;1                  ;0.008002           ;0                  ;3
                    ;10                 ;8                  ;2                  ;1                  ;0.00789            ;0                  ;4
                    ;10                 ;8                  ;2                  ;1                  ;0.007353           ;0                  ;3
                    ;10                 ;8                  ;2                  ;1                  ;0.007552           ;0                  ;3
                    ;10                 ;8                  ;2                  ;1                  ;0.008378           ;0                  ;4
                    ;10                 ;8                  ;2                  ;1                  ;0.007747           ;0                  ;4
                    ;3                  ;9                  ;2                  ;5                  ;0.012355           ;0                  ;2
                    ;3                  ;9                  ;2                  ;5                  ;0.006352           ;0                  ;3
                    ;3                  ;10                 ;3                  ;5                  ;0.012511           ;0                  ;3
                    ;11                 ;11                 ;3                  ;6                  ;0.030141           ;0                  ;6
                    ;11                 ;11                 ;3                  ;6                  ;0.029084           ;0                  ;6
                    ;11                 ;11                 ;3                  ;6                  ;0.010782           ;0                  ;6
                    ;7                  ;12                 ;3                  ;4                  ;0.027238           ;0                  ;5
                    ;7                  ;12                 ;3                  ;4                  ;0.027577           ;0                  ;5
                    ;7                  ;12                 ;3                  ;4                  ;0.015757           ;0                  ;5
                    ;7                  ;12                 ;3                  ;4                  ;0.027644           ;0                  ;5
                    ;7                  ;12                 ;3                  ;4                  ;0.027382           ;0                  ;5
                    ;7                  ;12                 ;3                  ;4                  ;0.016763           ;0                  ;5
                    ;3                  ;14                 ;4                  ;6                  ;0.015504           ;0                  ;7
                    ;3                  ;14                 ;4                  ;6                  ;0.014164           ;0                  ;7
                    ;3                  ;14                 ;4                  ;6                  ;0.01676            ;0                  ;7
                    ;3                  ;14                 ;4                  ;6                  ;0.014962           ;0                  ;7
                    ;3                  ;14                 ;4                  ;6                  ;0.014255           ;0                  ;7
                    ;3                  ;14                 ;4                  ;6                  ;0.01667            ;0                  ;7
                    ;3                  ;14                 ;4                  ;6                  ;0.016278           ;0                  ;7
                    ;3                  ;14                 ;4                  ;6                  ;0.013776           ;0                  ;7
                    ;3                  ;14                 ;4                  ;6                  ;0.015186           ;0                  ;7
                    ;35                 ;14                 ;4                  ;23                 ;0.017397           ;0                  ;7
                    ;35                 ;14                 ;4                  ;23                 ;0.017076           ;0                  ;7
                    ;35                 ;14                 ;4                  ;23                 ;0.014115           ;0                  ;7
                    ;3                  ;14                 ;4                  ;6                  ;0.015122           ;0                  ;7
                    ;9                  ;15                 ;4                  ;11                 ;0.018432           ;0                  ;8
                    ;9                  ;15                 ;4                  ;11                 ;0.014069           ;0                  ;8
                    ;9                  ;15                 ;4                  ;11                 ;0.013752           ;0                  ;8
                    ;9                  ;15                 ;4                  ;11                 ;0.018812           ;0                  ;8
                    ;9                  ;15                 ;4                  ;11                 ;0.013766           ;0                  ;8
                    ;9                  ;15                 ;4                  ;11                 ;0.013449           ;1                  ;8
                    ;9                  ;15                 ;4                  ;11                 ;0.018584           ;0                  ;8
                    ;9                  ;15                 ;4                  ;11                 ;0.013127           ;0                  ;8
                    ;9                  ;15                 ;4                  ;11                 ;0.014128           ;0                  ;8
                    ;9                  ;15                 ;4                  ;11                 ;0.0191             ;0                  ;8
                    ;9                  ;15                 ;4                  ;11                 ;0.013291           ;0                  ;8
                    ;9                  ;15                 ;4                  ;11                 ;0.013343           ;0                  ;8
                    ;8                  ;15                 ;4                  ;5                  ;0.032098           ;0                  ;5
                    ;8                  ;15                 ;4                  ;5                  ;0.032462           ;0                  ;5
                    ;8                  ;15                 ;4                  ;5                  ;0.033522           ;0                  ;5
                    ;9                  ;15                 ;4                  ;11                 ;0.018321           ;0                  ;8
                    ;9                  ;15                 ;4                  ;11                 ;0.011905           ;0                  ;8
                    ;9                  ;15                 ;4                  ;11                 ;0.013642           ;0                  ;8
                    ;9                  ;15                 ;4                  ;11                 ;0.01931            ;0                  ;8
                    ;9                  ;15                 ;4                  ;11                 ;0.011784           ;0                  ;8
                    ;9                  ;15                 ;4                  ;11                 ;0.013102           ;0                  ;8
                    ;9                  ;15                 ;4                  ;11                 ;0.014377           ;0                  ;8
                    ;9                  ;15                 ;4                  ;11                 ;0.013895           ;0                  ;8
                    ;18                 ;16                 ;4                  ;1                  ;0.036219           ;0                  ;6
                    ;18                 ;16                 ;4                  ;1                  ;0.035465           ;1                  ;6
                    ;18                 ;16                 ;4                  ;1                  ;0.033107           ;0                  ;5
                    ;17                 ;16                 ;4                  ;1                  ;0.052668           ;0                  ;7
                    ;17                 ;16                 ;4                  ;1                  ;0.050782           ;0                  ;7
                    ;17                 ;16                 ;4                  ;1                  ;0.034343           ;0                  ;8
                    ;18                 ;16                 ;4                  ;1                  ;0.036234           ;0                  ;6
                    ;18                 ;16                 ;4                  ;1                  ;0.037448           ;0                  ;6
                    ;18                 ;16                 ;4                  ;1                  ;0.032256           ;0                  ;5
                    ;17                 ;16                 ;4                  ;17                 ;0.019556           ;0                  ;8
                    ;17                 ;16                 ;4                  ;17                 ;0.019519           ;0                  ;8
                    ;17                 ;16                 ;4                  ;17                 ;0.021137           ;0                  ;8
                    ;17                 ;16                 ;4                  ;1                  ;0.049041           ;0                  ;7
                    ;17                 ;16                 ;4                  ;1                  ;0.050685           ;0                  ;7
                    ;17                 ;16                 ;4                  ;1                  ;0.033754           ;0                  ;8
                    ;18                 ;16                 ;4                  ;1                  ;0.034691           ;0                  ;6
                    ;18                 ;16                 ;4                  ;1                  ;0.035573           ;0                  ;6
                    ;18                 ;16                 ;4                  ;1                  ;0.032894           ;0                  ;5
                    ;18                 ;16                 ;4                  ;1                  ;0.037343           ;0                  ;5
                    ;35                 ;17                 ;4                  ;23                 ;0.021521           ;0                  ;9
                    ;35                 ;17                 ;4                  ;23                 ;0.020727           ;0                  ;9
                    ;35                 ;17                 ;4                  ;23                 ;0.021541           ;0                  ;9
                    ;35                 ;17                 ;4                  ;23                 ;0.020851           ;0                  ;9
                    ;35                 ;17                 ;4                  ;23                 ;0.021853           ;0                  ;9
                    ;35                 ;17                 ;4                  ;23                 ;0.02225            ;0                  ;9
                    ;14                 ;18                 ;5                  ;14                 ;0.097963           ;0                  ;7
                    ;14                 ;18                 ;5                  ;14                 ;0.098234           ;0                  ;6
                    ;14                 ;18                 ;5                  ;14                 ;0.116098           ;0                  ;6
                    ;14                 ;18                 ;5                  ;14                 ;0.09949            ;1                  ;7
                    ;14                 ;18                 ;5                  ;14                 ;0.100023           ;0                  ;6
                    ;14                 ;18                 ;5                  ;14                 ;0.117174           ;0                  ;6
                    ;35                 ;18                 ;5                  ;23                 ;0.031956           ;0                  ;9
                    ;35                 ;18                 ;5                  ;23                 ;0.031908           ;0                  ;9
                    ;35                 ;18                 ;5                  ;23                 ;0.025191           ;0                  ;9
                    ;35                 ;18                 ;5                  ;23                 ;0.03073            ;0                  ;9
                    ;35                 ;18                 ;5                  ;23                 ;0.031909           ;0                  ;9
                    ;35                 ;18                 ;5                  ;23                 ;0.024984           ;0                  ;9
                    ;14                 ;18                 ;5                  ;14                 ;0.172453           ;0                  ;7
                    ;14                 ;18                 ;5                  ;14                 ;0.099897           ;1                  ;6
                    ;14                 ;18                 ;5                  ;14                 ;0.113              ;0                  ;6
                    ;14                 ;18                 ;5                  ;14                 ;0.113748           ;0                  ;7
                    ;14                 ;18                 ;5                  ;14                 ;0.117529           ;0                  ;6
                    ;14                 ;18                 ;5                  ;14                 ;0.121393           ;0                  ;7
                    ;14                 ;18                 ;5                  ;14                 ;0.10079            ;0                  ;7
                    ;14                 ;18                 ;5                  ;14                 ;0.117888           ;0                  ;7
                    ;35                 ;19                 ;5                  ;23                 ;0.025754           ;0                  ;10
                    ;35                 ;19                 ;5                  ;23                 ;0.024638           ;0                  ;10
                    ;35                 ;19                 ;5                  ;23                 ;0.024506           ;0                  ;10
                    ;35                 ;19                 ;5                  ;23                 ;0.025582           ;0                  ;10
                    ;35                 ;19                 ;5                  ;23                 ;0.025007           ;0                  ;10
                    ;35                 ;19                 ;5                  ;23                 ;0.024261           ;0                  ;10
                    ;35                 ;19                 ;5                  ;23                 ;0.025795           ;0                  ;10
                    ;35                 ;19                 ;5                  ;23                 ;0.025751           ;0                  ;10
                    ;3                  ;19                 ;5                  ;6                  ;0.026274           ;0                  ;4
                    ;3                  ;19                 ;5                  ;6                  ;0.025981           ;0                  ;4
                    ;3                  ;19                 ;5                  ;6                  ;0.027148           ;0                  ;4
                    ;3                  ;19                 ;5                  ;6                  ;0.025589           ;0                  ;4
                    ;3                  ;19                 ;5                  ;6                  ;0.026029           ;0                  ;4
                    ;3                  ;19                 ;5                  ;6                  ;0.026652           ;0                  ;4
                    ;35                 ;19                 ;5                  ;23                 ;0.026669           ;0                  ;10
                    ;35                 ;19                 ;5                  ;23                 ;0.035344           ;0                  ;10
                    ;35                 ;19                 ;5                  ;23                 ;0.025157           ;0                  ;10
                    ;35                 ;19                 ;5                  ;23                 ;0.025454           ;0                  ;10
                    ;35                 ;19                 ;5                  ;23                 ;0.024115           ;0                  ;10
                    ;35                 ;19                 ;5                  ;23                 ;0.026542           ;1                  ;10
                    ;3                  ;21                 ;5                  ;6                  ;0.035964           ;0                  ;4
                    ;3                  ;21                 ;5                  ;6                  ;0.03451            ;0                  ;5
                    ;3                  ;21                 ;5                  ;6                  ;0.03789            ;0                  ;6
                    ;3                  ;21                 ;5                  ;6                  ;0.039372           ;0                  ;4
                    ;3                  ;21                 ;5                  ;6                  ;0.034802           ;0                  ;5
                    ;3                  ;21                 ;5                  ;6                  ;0.03788            ;0                  ;6
                    ;3                  ;21                 ;5                  ;6                  ;0.041886           ;0                  ;3
                    ;3                  ;21                 ;5                  ;6                  ;0.040973           ;0                  ;3
                    ;3                  ;21                 ;5                  ;6                  ;0.037516           ;0                  ;3
                    ;3                  ;21                 ;5                  ;6                  ;0.047831           ;0                  ;5
                    ;3                  ;21                 ;5                  ;6                  ;0.04778            ;0                  ;5
                    ;3                  ;21                 ;5                  ;6                  ;0.04709            ;0                  ;5
                    ;3                  ;21                 ;5                  ;6                  ;0.048086           ;0                  ;5
                    ;3                  ;21                 ;5                  ;6                  ;0.048543           ;0                  ;5
                    ;3                  ;21                 ;5                  ;6                  ;0.042263           ;0                  ;5
                    ;3                  ;21                 ;5                  ;6                  ;0.04398            ;0                  ;4
                    ;3                  ;21                 ;5                  ;6                  ;0.035204           ;0                  ;5
                    ;3                  ;21                 ;5                  ;6                  ;0.038037           ;0                  ;6
                    ;3                  ;21                 ;5                  ;6                  ;0.043414           ;0                  ;4
                    ;3                  ;21                 ;5                  ;6                  ;0.034988           ;0                  ;5
                    ;3                  ;21                 ;5                  ;6                  ;0.036541           ;0                  ;6
                    ;3                  ;21                 ;5                  ;6                  ;0.041176           ;0                  ;3
                    ;3                  ;21                 ;5                  ;6                  ;0.042583           ;0                  ;3
                    ;3                  ;21                 ;5                  ;6                  ;0.037467           ;0                  ;3
                    ;3                  ;21                 ;5                  ;6                  ;0.048002           ;0                  ;5
                    ;3                  ;21                 ;5                  ;6                  ;0.04814            ;0                  ;5
                    ;3                  ;21                 ;5                  ;6                  ;0.048513           ;0                  ;5
                    ;3                  ;21                 ;5                  ;6                  ;0.046395           ;0                  ;5
                    ;3                  ;21                 ;5                  ;6                  ;0.047716           ;0                  ;5
                    ;3                  ;21                 ;5                  ;6                  ;0.041398           ;0                  ;5
                    ;3                  ;21                 ;5                  ;6                  ;0.036329           ;0                  ;4
                    ;3                  ;21                 ;5                  ;6                  ;0.03674            ;0                  ;5
                    ;3                  ;21                 ;5                  ;6                  ;0.033916           ;0                  ;6
                    ;3                  ;21                 ;5                  ;6                  ;0.037842           ;0                  ;4
                    ;3                  ;21                 ;5                  ;6                  ;0.038621           ;0                  ;5
                    ;3                  ;21                 ;5                  ;6                  ;0.033694           ;0                  ;6
                    ;3                  ;21                 ;5                  ;6                  ;0.042119           ;0                  ;3
                    ;3                  ;21                 ;5                  ;6                  ;0.039924           ;0                  ;3
                    ;3                  ;21                 ;5                  ;6                  ;0.037917           ;1                  ;3
                    ;3                  ;21                 ;5                  ;6                  ;0.049239           ;0                  ;5
                    ;3                  ;21                 ;5                  ;6                  ;0.046585           ;0                  ;5
                    ;3                  ;21                 ;5                  ;6                  ;0.054882           ;0                  ;5
                    ;3                  ;21                 ;5                  ;6                  ;0.047864           ;0                  ;5
                    ;3                  ;21                 ;5                  ;6                  ;0.046915           ;0                  ;5
                    ;3                  ;21                 ;5                  ;6                  ;0.044158           ;0                  ;5
                    ;3                  ;21                 ;5                  ;6                  ;0.033434           ;0                  ;5
                    ;3                  ;21                 ;5                  ;6                  ;0.035423           ;0                  ;5
                    ;3                  ;21                 ;5                  ;6                  ;0.041385           ;0                  ;3
                    ;3                  ;21                 ;5                  ;6                  ;0.046417           ;1                  ;5
                    ;3                  ;21                 ;5                  ;6                  ;0.047652           ;0                  ;5
                    ;4                  ;25                 ;6                  ;4                  ;0.071456           ;0                  ;1
                    ;12                 ;26                 ;7                  ;9                  ;0.176539           ;0                  ;13
                    ;12                 ;26                 ;7                  ;9                  ;0.180945           ;0                  ;13
                    ;12                 ;26                 ;7                  ;9                  ;0.146261           ;0                  ;13
                    ;12                 ;26                 ;7                  ;9                  ;0.197545           ;0                  ;13
                    ;12                 ;26                 ;7                  ;9                  ;0.198217           ;0                  ;13
                    ;12                 ;26                 ;7                  ;9                  ;0.154149           ;0                  ;13
                    ;40                 ;27                 ;7                  ;56                 ;0.201272           ;0                  ;12
                    ;40                 ;27                 ;7                  ;56                 ;0.27753            ;0                  ;13
                    ;12                 ;27                 ;7                  ;9                  ;0.156411           ;1                  ;10
                    ;12                 ;27                 ;7                  ;9                  ;0.158723           ;0                  ;10
                    ;12                 ;27                 ;7                  ;9                  ;0.13449            ;0                  ;10
                    ;40                 ;27                 ;7                  ;56                 ;0.22323            ;0                  ;12
                    ;40                 ;27                 ;7                  ;56                 ;0.484362           ;1                  ;13
                    ;12                 ;27                 ;7                  ;9                  ;0.160458           ;0                  ;10
                    ;12                 ;27                 ;7                  ;9                  ;0.157814           ;0                  ;10
                    ;12                 ;27                 ;7                  ;9                  ;0.14278            ;0                  ;10
                    ;40                 ;27                 ;7                  ;56                 ;0.206058           ;1                  ;12
                    ;40                 ;27                 ;7                  ;56                 ;0.275551           ;0                  ;13
                    ;40                 ;28                 ;7                  ;56                 ;0.396643           ;0                  ;14
                    ;40                 ;28                 ;7                  ;56                 ;0.215685           ;1                  ;14
                    ;40                 ;28                 ;7                  ;56                 ;0.395666           ;0                  ;14
                    ;16                 ;29                 ;7                  ;23                 ;0.17242            ;0                  ;0
                    ;16                 ;29                 ;7                  ;23                 ;0.166041           ;0                  ;0
                    ;16                 ;29                 ;7                  ;23                 ;0.159713           ;1                  ;0
                    ;16                 ;29                 ;7                  ;23                 ;0.16244            ;0                  ;0
                    ;17                 ;30                 ;8                  ;1                  ;0.086289           ;0                  ;15
                    ;17                 ;30                 ;8                  ;1                  ;0.086507           ;0                  ;15
                    ;17                 ;30                 ;8                  ;1                  ;0.077547           ;0                  ;15
                    ;13                 ;30                 ;8                  ;10                 ;0.158736           ;0                  ;9
                    ;13                 ;30                 ;8                  ;10                 ;0.159073           ;1                  ;9
                    ;13                 ;30                 ;8                  ;10                 ;0.226743           ;0                  ;9
                    ;17                 ;30                 ;8                  ;1                  ;0.085199           ;0                  ;15
                    ;17                 ;30                 ;8                  ;1                  ;0.084553           ;0                  ;15
                    ;17                 ;30                 ;8                  ;1                  ;0.076627           ;0                  ;15
                    ;34                 ;32                 ;8                  ;1                  ;0.184383           ;0                  ;1
                    ;34                 ;32                 ;8                  ;1                  ;0.15651            ;1                  ;10
                    ;34                 ;32                 ;8                  ;1                  ;0.216812           ;0                  ;1
                    ;33                 ;32                 ;8                  ;1                  ;0.268218           ;0                  ;10
                    ;33                 ;32                 ;8                  ;1                  ;0.26723            ;0                  ;10
                    ;33                 ;32                 ;8                  ;1                  ;0.183223           ;1                  ;10
                    ;34                 ;32                 ;8                  ;1                  ;0.182656           ;0                  ;1
                    ;34                 ;32                 ;8                  ;1                  ;0.16097            ;0                  ;10
                    ;34                 ;32                 ;8                  ;1                  ;0.210243           ;0                  ;1
                    ;33                 ;32                 ;8                  ;33                 ;0.126938           ;0                  ;16
                    ;33                 ;32                 ;8                  ;33                 ;0.126939           ;1                  ;16
                    ;33                 ;32                 ;8                  ;33                 ;0.116963           ;0                  ;16
                    ;33                 ;32                 ;8                  ;1                  ;0.337464           ;0                  ;10
                    ;33                 ;32                 ;8                  ;1                  ;0.337176           ;0                  ;10
                    ;33                 ;32                 ;8                  ;1                  ;0.180542           ;1                  ;10
                    ;32                 ;32                 ;8                  ;64                 ;73.0896            ;73                 ;16
                    ;32                 ;32                 ;8                  ;64                 ;75.1291            ;75                 ;16
                    ;32                 ;32                 ;8                  ;64                 ;46.4907            ;47                 ;16
                    ;34                 ;32                 ;8                  ;1                  ;0.215603           ;0                  ;1
                    ;34                 ;32                 ;8                  ;1                  ;0.189929           ;0                  ;10
                    ;34                 ;32                 ;8                  ;1                  ;0.262317           ;0                  ;1
                    ;34                 ;32                 ;8                  ;1                  ;0.206203           ;1                  ;7
                    ;382                ;33                 ;8                  ;82                 ;583.326            ;584                ;12
                    ;382                ;33                 ;8                  ;82                 ;588.148            ;589                ;12
                    ;382                ;33                 ;8                  ;369                ;760.159            ;761                ;0
                    ;382                ;33                 ;8                  ;82                 ;588.128            ;589                ;12
                    ;382                ;33                 ;8                  ;82                 ;597.433            ;598                ;12
                    ;382                ;33                 ;8                  ;369                ;780.475            ;782                ;0
                    ;15                 ;36                 ;9                  ;12                 ;0.321329           ;0                  ;11
                    ;15                 ;36                 ;9                  ;12                 ;0.322487           ;0                  ;11
                    ;15                 ;36                 ;9                  ;12                 ;0.489129           ;1                  ;11
                    ;6                  ;49                 ;12                 ;3                  ;0.706061           ;1                  ;3
                    ;6                  ;49                 ;12                 ;3                  ;0.705939           ;0                  ;3
                    ;6                  ;49                 ;12                 ;3                  ;0.785425           ;1                  ;3
                    ;23                 ;60                 ;15                 ;20                 ;1.25154            ;2                  ;20
                    ;23                 ;60                 ;15                 ;20                 ;1.26593            ;1                  ;20
                    ;23                 ;60                 ;15                 ;20                 ;1.73476            ;2                  ;20
                    ;25                 ;60                 ;15                 ;13                 ;2.80878            ;2                  ;9
                    ;32                 ;61                 ;15                 ;1                  ;0.523331           ;1                  ;28
                    ;32                 ;61                 ;15                 ;1                  ;0.455108           ;0                  ;28
                    ;32                 ;61                 ;15                 ;1                  ;0.527826           ;1                  ;28
                    ;32                 ;61                 ;15                 ;1                  ;0.464289           ;1                  ;28
                    ;32                 ;62                 ;16                 ;1                  ;0.550481           ;0                  ;27
                    ;32                 ;62                 ;16                 ;1                  ;0.571004           ;1                  ;27
                    ;17                 ;74                 ;19                 ;5                  ;0.875961           ;1                  ;13
                    ;17                 ;74                 ;19                 ;5                  ;0.88174            ;0                  ;13
                    ;17                 ;74                 ;19                 ;5                  ;1.29904            ;1                  ;12
                    ;17                 ;74                 ;19                 ;5                  ;0.877942           ;1                  ;13
                    ;17                 ;74                 ;19                 ;5                  ;0.880356           ;1                  ;13
                    ;17                 ;74                 ;19                 ;5                  ;1.31709            ;1                  ;12
                    ;17                 ;74                 ;19                 ;5                  ;0.88524            ;1                  ;13
                    ;17                 ;74                 ;19                 ;5                  ;0.883249           ;1                  ;13
                    ;17                 ;74                 ;19                 ;5                  ;1.31262            ;1                  ;12
                    ;17                 ;74                 ;19                 ;5                  ;0.895127           ;1                  ;13
                    ;19                 ;87                 ;22                 ;9                  ;1.05362            ;1                  ;14
                    ;33                 ;90                 ;23                 ;30                 ;5.48848            ;6                  ;14
                    ;33                 ;90                 ;23                 ;30                 ;5.48653            ;5                  ;14
                    ;33                 ;90                 ;23                 ;30                 ;5.47861            ;6                  ;14
                    ;33                 ;90                 ;23                 ;30                 ;5.49247            ;5                  ;14
                    ;35                 ;96                 ;24                 ;32                 ;4.52569            ;5                  ;35
                    ;35                 ;96                 ;24                 ;32                 ;4.5203             ;4                  ;35
                    ;15                 ;98                 ;25                 ;18                 ;1.38668            ;2                  ;25
                    ;16                 ;117                ;29                 ;12                 ;2.94575            ;3                  ;36
                    ;240                ;128                ;32                 ;64                 ;110.317            ;110                ;46
                    ;19                 ;128                ;32                 ;14                 ;5.63354            ;6                  ;44
                    ;16                 ;132                ;33                 ;12                 ;5.1081             ;5                  ;38
                    ;36                 ;135                ;34                 ;39                 ;5.99071            ;6                  ;33
                    ;36                 ;135                ;34                 ;39                 ;5.04464            ;5                  ;46
                    ;36                 ;135                ;34                 ;39                 ;5.7273             ;6                  ;33
                    ;36                 ;135                ;34                 ;39                 ;4.77742            ;5                  ;46
                    ;36                 ;135                ;34                 ;39                 ;6.0109             ;6                  ;33
                    ;36                 ;135                ;34                 ;39                 ;5.02106            ;5                  ;46
                    ;36                 ;135                ;34                 ;39                 ;8.7508             ;9                  ;47
                    ;36                 ;135                ;34                 ;39                 ;9.39999            ;9                  ;47
                    ;36                 ;135                ;34                 ;39                 ;5.92518            ;6                  ;47
                    ;35                 ;164                ;41                 ;49                 ;7.46459            ;8                  ;69
                    ;35                 ;164                ;41                 ;49                 ;7.28517            ;7                  ;71
                    ;35                 ;164                ;41                 ;49                 ;7.52943            ;7                  ;69
                    ;35                 ;164                ;41                 ;49                 ;7.25021            ;8                  ;71
                    ;35                 ;164                ;41                 ;49                 ;7.81916            ;8                  ;69
                    ;35                 ;164                ;41                 ;49                 ;7.90866            ;8                  ;71
                    ;35                 ;164                ;41                 ;49                 ;7.69303            ;7                  ;70
                    ;132                ;190                ;48                 ;65                 ;39.0269            ;39                 ;95
                    ;36                 ;211                ;53                 ;39                 ;27.479             ;28                 ;51
                    ;36                 ;211                ;53                 ;39                 ;26.9574            ;27                 ;51
                    ;36                 ;211                ;53                 ;39                 ;26.9513            ;27                 ;51
                    ;36                 ;211                ;53                 ;39                 ;27.5027            ;28                 ;25
                    ;262                ;224                ;56                 ;197                ;187.656            ;188                ;112
                    ;262                ;224                ;56                 ;197                ;187.544            ;187                ;112
                    ;262                ;224                ;56                 ;197                ;63.1134            ;64                 ;112
                    ;228                ;224                ;56                 ;197                ;28.4727            ;28                 ;112
                    ;228                ;224                ;56                 ;197                ;29.6699            ;30                 ;112
                    ;228                ;224                ;56                 ;197                ;29.4702            ;29                 ;112
                    ;262                ;224                ;56                 ;197                ;185.175            ;186                ;112
                    ;262                ;224                ;56                 ;197                ;187.171            ;187                ;112
                    ;262                ;224                ;56                 ;197                ;64.6631            ;65                 ;112
                    ;228                ;224                ;56                 ;197                ;31.9033            ;32                 ;112
                    ;228                ;224                ;56                 ;197                ;30.6185            ;31                 ;112
                    ;228                ;224                ;56                 ;197                ;31.8737            ;32                 ;112
                    ;258                ;228                ;57                 ;193                ;67.6955            ;68                 ;114
                    ;258                ;228                ;57                 ;193                ;67.5363            ;67                 ;114
                    ;258                ;228                ;57                 ;193                ;64.7508            ;65                 ;114
                    ;47                 ;229                ;57                 ;45                 ;148.407            ;149                ;107
                    ;14                 ;359                ;90                 ;32                 ;1626.92            ;1629               ;58
                    ;31                 ;453                ;113                ;121                ;127.986            ;128                ;112
                    ;31                 ;453                ;113                ;121                ;121.14             ;121                ;112
                    ;62                 ;474                ;119                ;152                ;158.122            ;159                ;109
                    ;62                 ;474                ;119                ;152                ;149.348            ;149                ;109
                    ;62                 ;474                ;119                ;152                ;174.007            ;175                ;109
                    ;62                 ;490                ;123                ;152                ;302.764            ;303                ;114
                    ;62                 ;490                ;123                ;152                ;305.798            ;306                ;114
                    ;62                 ;490                ;123                ;152                ;304.009            ;304                ;114
                    ;77                 ;515                ;129                ;150                ;570.67             ;572                ;58
                    ;77                 ;515                ;129                ;150                ;583.667            ;584                ;58
                    ;77                 ;515                ;129                ;150                ;439.332            ;440                ;58
                    ;259                ;530                ;133                ;129                ;6480.72            ;6489               ;263
                    ;77                 ;534                ;134                ;150                ;619.113            ;620                ;80
                    ;77                 ;534                ;134                ;150                ;623.407            ;624                ;80
                    ;77                 ;534                ;134                ;150                ;606.17             ;607                ;80
                    ;14                 ;540                ;135                ;87                 ;945.113            ;947                ;33
                    ;14                 ;540                ;135                ;87                 ;951.974            ;953                ;33
                    ;217                ;563                ;141                ;215                ;731.737            ;732                ;138
                    ;14                 ;597                ;149                ;87                 ;763.482            ;765                ;43
                    ;62                 ;638                ;160                ;152                ;548.744            ;549                ;169
                    ;62                 ;638                ;160                ;152                ;550.445            ;552                ;169
                    ;62                 ;638                ;160                ;152                ;549.504            ;550                ;169
                    ;31                 ;669                ;167                ;121                ;595.824            ;597                ;147
                    ;260                ;670                ;168                ;129                ;5242.01            ;5248               ;68
                    ;1130               ;770                ;193                ;1416               ;70597.7            ;70695              ;183
                    ;115                ;1083               ;271                ;152                ;13222.3            ;13239              ;213
                    ;38                 ;1424               ;356                ;304                ;13994.3            ;14013              ;353
                    ;38                 ;1424               ;356                ;304                ;14413.3            ;14433              ;353
                    ;38                 ;1424               ;356                ;304                ;13963.1            ;13981              ;353
                    ;38                 ;1426               ;357                ;304                ;14432.4            ;14453              ;369
                    ;38                 ;1426               ;357                ;304                ;14662.6            ;14682              ;369
                    ;38                 ;1426               ;357                ;304                ;15055.5            ;15076              ;369
                    ;12                 ;1452               ;363                ;278                ;16999.9            ;17025              ;411
                    ;28                 ;1464               ;366                ;106                ;11435.6            ;11450              ;200
                    ;28                 ;1464               ;366                ;106                ;19095              ;19120              ;205
                    ;28                 ;1464               ;366                ;106                ;11485.2            ;11500              ;200
                    ;28                 ;1464               ;366                ;106                ;19148.4            ;19173              ;205
                    ;28                 ;1464               ;366                ;106                ;24911.5            ;24944              ;196
                    ;28                 ;1464               ;366                ;106                ;24917              ;24950              ;196
                    ;28                 ;1464               ;366                ;106                ;19488.4            ;19515              ;196
                    ;28                 ;1464               ;366                ;106                ;11401.7            ;11416              ;200
                    ;28                 ;1464               ;366                ;106                ;19089.3            ;19114              ;205
                    ;28                 ;1636               ;409                ;106                ;14484.8            ;14503              ;215
                    ;28                 ;1636               ;409                ;106                ;14415.4            ;14434              ;215
                    ;28                 ;1636               ;409                ;106                ;15121.5            ;15144              ;215
                    ;28                 ;1636               ;409                ;106                ;14024.3            ;14042              ;230
                    ;35                 ;1728               ;432                ;320                ;21597.6            ;21626              ;178
                    ;35                 ;1728               ;432                ;320                ;21630              ;21658              ;178
                    ;35                 ;1728               ;432                ;320                ;21448.9            ;21477              ;178
                    ;35                 ;1728               ;432                ;320                ;21452.3            ;21480              ;178
                    ;35                 ;1728               ;432                ;320                ;21589.3            ;21617              ;178
                    ;35                 ;1728               ;432                ;320                ;23878.4            ;23912              ;226
                    ;35                 ;1728               ;432                ;320                ;                   ;                   ;
