                    ;3                  ;2                  ;0                  ;5                  ;0.000284           ;0                  ;2
                    ;3                  ;2                  ;0                  ;5                  ;0.000287           ;0                  ;2
                    ;3                  ;2                  ;0                  ;5                  ;0.000254           ;0                  ;2
                    ;2                  ;2                  ;0                  ;1                  ;0.000231           ;0                  ;2
                    ;2                  ;2                  ;0                  ;1                  ;0.000228           ;0                  ;2
                    ;2                  ;2                  ;0                  ;1                  ;0.000235           ;0                  ;2
                    ;3                  ;2                  ;0                  ;5                  ;0.000238           ;0                  ;2
                    ;3                  ;2                  ;0                  ;5                  ;0.000235           ;0                  ;2
                    ;3                  ;2                  ;0                  ;5                  ;0.000242           ;0                  ;2
                    ;4                  ;2                  ;0                  ;4                  ;0.000246           ;0                  ;2
                    ;4                  ;2                  ;0                  ;4                  ;0.000244           ;0                  ;2
                    ;4                  ;2                  ;0                  ;4                  ;0.000239           ;0                  ;2
                    ;2                  ;2                  ;0                  ;1                  ;0.000254           ;0                  ;2
                    ;2                  ;2                  ;0                  ;1                  ;0.000248           ;0                  ;2
                    ;2                  ;2                  ;0                  ;1                  ;0.000243           ;0                  ;2
                    ;4                  ;3                  ;0                  ;1                  ;0.00029            ;0                  ;3
                    ;4                  ;3                  ;0                  ;1                  ;0.000276           ;0                  ;3
                    ;4                  ;3                  ;0                  ;1                  ;0.000282           ;0                  ;3
                    ;4                  ;3                  ;0                  ;1                  ;0.000287           ;0                  ;3
                    ;4                  ;3                  ;0                  ;1                  ;0.000287           ;0                  ;3
                    ;4                  ;3                  ;0                  ;1                  ;0.000288           ;0                  ;3
                    ;2                  ;3                  ;0                  ;2                  ;0.000256           ;0                  ;3
                    ;2                  ;3                  ;0                  ;2                  ;0.000251           ;0                  ;3
                    ;2                  ;3                  ;0                  ;2                  ;0.000254           ;0                  ;3
                    ;3                  ;3                  ;0                  ;4                  ;0.00025            ;0                  ;3
                    ;3                  ;3                  ;0                  ;4                  ;0.000246           ;0                  ;3
                    ;3                  ;3                  ;0                  ;4                  ;0.000244           ;0                  ;3
                    ;3                  ;3                  ;0                  ;5                  ;0.000268           ;0                  ;3
                    ;3                  ;3                  ;0                  ;5                  ;0.000278           ;0                  ;3
                    ;3                  ;3                  ;0                  ;5                  ;0.000283           ;0                  ;3
                    ;2                  ;3                  ;0                  ;3                  ;0.000262           ;0                  ;3
                    ;2                  ;3                  ;0                  ;3                  ;0.00025            ;0                  ;3
                    ;2                  ;3                  ;0                  ;3                  ;0.000264           ;0                  ;3
                    ;1                  ;3                  ;0                  ;2                  ;0.000227           ;0                  ;3
                    ;1                  ;3                  ;0                  ;2                  ;0.00023            ;0                  ;3
                    ;1                  ;3                  ;0                  ;2                  ;0.000229           ;0                  ;3
                    ;2                  ;3                  ;0                  ;2                  ;0.000262           ;0                  ;3
                    ;2                  ;3                  ;0                  ;2                  ;0.000249           ;0                  ;3
                    ;5                  ;3                  ;0                  ;8                  ;0.000294           ;0                  ;3
                    ;5                  ;3                  ;0                  ;8                  ;0.000311           ;0                  ;3
                    ;5                  ;3                  ;0                  ;8                  ;0.000271           ;0                  ;3
                    ;2                  ;3                  ;0                  ;1                  ;0.000233           ;0                  ;3
                    ;2                  ;3                  ;0                  ;1                  ;0.000228           ;0                  ;3
                    ;4                  ;3                  ;0                  ;1                  ;0.000379           ;0                  ;0
                    ;4                  ;3                  ;0                  ;1                  ;0.000271           ;0                  ;3
                    ;4                  ;3                  ;0                  ;1                  ;0.000285           ;0                  ;3
                    ;4                  ;3                  ;0                  ;1                  ;0.000275           ;0                  ;3
                    ;1                  ;3                  ;0                  ;1                  ;0.000233           ;0                  ;3
                    ;1                  ;3                  ;0                  ;1                  ;0.000229           ;0                  ;3
                    ;1                  ;3                  ;0                  ;1                  ;0.000224           ;0                  ;3
                    ;4                  ;3                  ;0                  ;1                  ;0.000281           ;0                  ;3
                    ;1                  ;4                  ;0                  ;1                  ;0.000338           ;0                  ;0
                    ;4                  ;4                  ;0                  ;2                  ;0.000483           ;0                  ;3
                    ;4                  ;4                  ;0                  ;2                  ;0.000472           ;0                  ;3
                    ;4                  ;4                  ;0                  ;2                  ;0.000437           ;0                  ;3
                    ;7                  ;4                  ;0                  ;7                  ;0.000311           ;0                  ;4
                    ;7                  ;4                  ;0                  ;7                  ;0.000295           ;0                  ;4
                    ;7                  ;4                  ;0                  ;7                  ;0.000284           ;0                  ;4
                    ;7                  ;4                  ;0                  ;7                  ;0.000349           ;0                  ;4
                    ;7                  ;4                  ;0                  ;7                  ;0.000353           ;0                  ;4
                    ;7                  ;4                  ;0                  ;7                  ;0.000332           ;0                  ;4
                    ;1                  ;4                  ;0                  ;3                  ;0.00026            ;0                  ;4
                    ;1                  ;4                  ;0                  ;3                  ;0.000264           ;0                  ;4
                    ;1                  ;4                  ;0                  ;3                  ;0.000256           ;0                  ;4
                    ;2                  ;4                  ;0                  ;2                  ;0.000276           ;0                  ;4
                    ;2                  ;4                  ;0                  ;2                  ;0.000276           ;0                  ;4
                    ;2                  ;4                  ;0                  ;2                  ;0.000279           ;0                  ;4
                    ;6                  ;4                  ;0                  ;9                  ;0.000269           ;0                  ;4
                    ;6                  ;4                  ;0                  ;9                  ;0.000273           ;0                  ;4
                    ;6                  ;4                  ;0                  ;9                  ;0.000262           ;0                  ;4
                    ;2                  ;4                  ;0                  ;2                  ;0.000356           ;0                  ;3
                    ;2                  ;4                  ;0                  ;2                  ;0.000309           ;0                  ;4
                    ;2                  ;4                  ;0                  ;2                  ;0.000298           ;0                  ;4
                    ;2                  ;4                  ;0                  ;2                  ;0.000301           ;0                  ;4
                    ;12                 ;4                  ;0                  ;6                  ;0.000356           ;0                  ;4
                    ;12                 ;4                  ;0                  ;6                  ;0.000369           ;0                  ;4
                    ;12                 ;4                  ;0                  ;6                  ;0.000483           ;0                  ;4
                    ;2                  ;4                  ;0                  ;1                  ;0.000344           ;0                  ;3
                    ;5                  ;4                  ;0                  ;16                 ;0.000275           ;0                  ;4
                    ;5                  ;4                  ;0                  ;16                 ;0.000276           ;0                  ;4
                    ;5                  ;4                  ;0                  ;16                 ;0.000271           ;0                  ;4
                    ;1                  ;4                  ;0                  ;1                  ;0.000716           ;0                  ;0
                    ;5                  ;4                  ;0                  ;6                  ;0.000294           ;0                  ;4
                    ;5                  ;4                  ;0                  ;6                  ;0.000296           ;0                  ;4
                    ;5                  ;4                  ;0                  ;6                  ;0.00027            ;0                  ;4
                    ;7                  ;4                  ;0                  ;7                  ;0.000295           ;0                  ;4
                    ;7                  ;4                  ;0                  ;7                  ;0.000283           ;0                  ;4
                    ;7                  ;4                  ;0                  ;7                  ;0.000273           ;0                  ;4
                    ;18                 ;5                  ;0                  ;19                 ;0.000382           ;0                  ;5
                    ;18                 ;5                  ;0                  ;19                 ;0.000386           ;0                  ;5
                    ;18                 ;5                  ;0                  ;19                 ;0.000349           ;0                  ;5
                    ;18                 ;5                  ;0                  ;19                 ;0.000377           ;0                  ;5
                    ;18                 ;5                  ;0                  ;19                 ;0.000385           ;0                  ;5
                    ;18                 ;5                  ;0                  ;19                 ;0.000376           ;0                  ;5
                    ;18                 ;5                  ;0                  ;19                 ;0.00038            ;0                  ;5
                    ;18                 ;5                  ;0                  ;19                 ;0.000393           ;0                  ;5
                    ;18                 ;5                  ;0                  ;19                 ;0.000353           ;0                  ;5
                    ;18                 ;5                  ;0                  ;19                 ;0.000381           ;0                  ;5
                    ;18                 ;5                  ;0                  ;19                 ;0.000388           ;0                  ;5
                    ;18                 ;5                  ;0                  ;19                 ;0.000352           ;0                  ;5
                    ;2                  ;5                  ;0                  ;1                  ;0.00148            ;0                  ;0
                    ;9                  ;5                  ;0                  ;19                 ;0.000463           ;0                  ;5
                    ;9                  ;5                  ;0                  ;19                 ;0.000446           ;0                  ;5
                    ;9                  ;5                  ;0                  ;19                 ;0.000408           ;0                  ;5
                    ;2                  ;5                  ;0                  ;2                  ;0.000359           ;0                  ;5
                    ;2                  ;5                  ;0                  ;2                  ;0.000363           ;0                  ;5
                    ;2                  ;5                  ;0                  ;2                  ;0.000384           ;0                  ;5
                    ;7                  ;5                  ;0                  ;2                  ;0.000468           ;0                  ;5
                    ;7                  ;5                  ;0                  ;2                  ;0.000463           ;0                  ;5
                    ;7                  ;5                  ;0                  ;2                  ;0.000388           ;0                  ;5
                    ;8                  ;5                  ;0                  ;6                  ;0.003295           ;0                  ;0
                    ;8                  ;5                  ;0                  ;6                  ;0.000493           ;0                  ;5
                    ;8                  ;5                  ;0                  ;6                  ;0.000481           ;0                  ;5
                    ;8                  ;5                  ;0                  ;6                  ;0.000375           ;0                  ;5
                    ;18                 ;5                  ;0                  ;19                 ;0.00039            ;0                  ;5
                    ;18                 ;5                  ;0                  ;19                 ;0.000387           ;0                  ;5
                    ;18                 ;5                  ;0                  ;19                 ;0.000376           ;0                  ;5
                    ;18                 ;5                  ;0                  ;19                 ;0.000381           ;0                  ;5
                    ;18                 ;5                  ;0                  ;19                 ;0.000373           ;0                  ;5
                    ;18                 ;5                  ;0                  ;19                 ;0.000366           ;0                  ;5
                    ;11                 ;5                  ;0                  ;9                  ;0.000536           ;0                  ;5
                    ;11                 ;5                  ;0                  ;9                  ;0.000539           ;0                  ;5
                    ;11                 ;5                  ;0                  ;9                  ;0.000445           ;0                  ;5
                    ;9                  ;5                  ;0                  ;10                 ;0.000481           ;0                  ;5
                    ;9                  ;5                  ;0                  ;10                 ;0.000491           ;0                  ;5
                    ;9                  ;5                  ;0                  ;10                 ;0.000498           ;0                  ;5
                    ;6                  ;5                  ;0                  ;3                  ;0.003219           ;0                  ;5
                    ;6                  ;5                  ;0                  ;3                  ;0.003222           ;0                  ;5
                    ;6                  ;5                  ;0                  ;3                  ;0.003541           ;0                  ;5
                    ;18                 ;5                  ;0                  ;19                 ;0.000383           ;0                  ;5
                    ;18                 ;5                  ;0                  ;19                 ;0.000391           ;0                  ;5
                    ;7                  ;6                  ;0                  ;7                  ;0.000323           ;0                  ;6
                    ;7                  ;6                  ;0                  ;7                  ;0.000315           ;0                  ;6
                    ;7                  ;6                  ;0                  ;7                  ;0.000288           ;0                  ;6
                    ;19                 ;6                  ;0                  ;7                  ;0.000322           ;0                  ;6
                    ;19                 ;6                  ;0                  ;7                  ;0.000317           ;0                  ;6
                    ;19                 ;6                  ;0                  ;7                  ;0.000334           ;0                  ;6
                    ;8                  ;6                  ;0                  ;19                 ;0.000469           ;0                  ;6
                    ;8                  ;6                  ;0                  ;19                 ;0.000496           ;0                  ;6
                    ;8                  ;6                  ;0                  ;19                 ;0.00048            ;0                  ;6
                    ;8                  ;6                  ;0                  ;19                 ;0.000468           ;0                  ;6
                    ;8                  ;6                  ;0                  ;19                 ;0.000472           ;0                  ;6
                    ;8                  ;6                  ;0                  ;19                 ;0.000451           ;0                  ;6
                    ;7                  ;6                  ;0                  ;7                  ;0.000311           ;0                  ;6
                    ;7                  ;6                  ;0                  ;7                  ;0.000315           ;0                  ;6
                    ;7                  ;6                  ;0                  ;7                  ;0.000298           ;0                  ;6
                    ;19                 ;6                  ;0                  ;7                  ;0.000336           ;0                  ;6
                    ;19                 ;6                  ;0                  ;7                  ;0.000327           ;0                  ;6
                    ;19                 ;6                  ;0                  ;7                  ;0.000341           ;0                  ;6
                    ;8                  ;6                  ;0                  ;19                 ;0.000488           ;0                  ;6
                    ;8                  ;6                  ;0                  ;19                 ;0.000468           ;0                  ;6
                    ;8                  ;6                  ;0                  ;19                 ;0.00047            ;0                  ;6
                    ;8                  ;6                  ;0                  ;19                 ;0.00048            ;0                  ;6
                    ;8                  ;6                  ;0                  ;19                 ;0.000485           ;0                  ;6
                    ;8                  ;6                  ;0                  ;19                 ;0.000461           ;0                  ;6
                    ;5                  ;6                  ;0                  ;2                  ;0.000402           ;0                  ;5
                    ;5                  ;6                  ;0                  ;2                  ;0.000385           ;0                  ;5
                    ;5                  ;6                  ;0                  ;2                  ;0.000361           ;0                  ;5
                    ;7                  ;6                  ;0                  ;19                 ;0.000549           ;0                  ;6
                    ;7                  ;6                  ;0                  ;19                 ;0.000561           ;0                  ;6
                    ;7                  ;6                  ;0                  ;19                 ;0.000457           ;0                  ;6
                    ;7                  ;6                  ;0                  ;19                 ;0.000554           ;0                  ;6
                    ;7                  ;6                  ;0                  ;19                 ;0.000575           ;0                  ;6
                    ;7                  ;6                  ;0                  ;19                 ;0.000435           ;0                  ;6
                    ;7                  ;6                  ;0                  ;7                  ;0.000307           ;0                  ;6
                    ;7                  ;6                  ;0                  ;7                  ;0.000304           ;0                  ;6
                    ;7                  ;6                  ;0                  ;7                  ;0.000303           ;0                  ;6
                    ;19                 ;6                  ;0                  ;7                  ;0.000342           ;0                  ;6
                    ;19                 ;6                  ;0                  ;7                  ;0.000335           ;0                  ;6
                    ;19                 ;6                  ;0                  ;7                  ;0.000359           ;0                  ;6
                    ;16                 ;6                  ;0                  ;23                 ;0.000391           ;0                  ;6
                    ;16                 ;6                  ;0                  ;23                 ;0.000393           ;0                  ;6
                    ;16                 ;6                  ;0                  ;23                 ;0.000409           ;0                  ;6
                    ;8                  ;6                  ;0                  ;19                 ;0.000475           ;0                  ;6
                    ;8                  ;6                  ;0                  ;19                 ;0.00048            ;0                  ;6
                    ;8                  ;6                  ;0                  ;19                 ;0.000467           ;0                  ;6
                    ;8                  ;6                  ;0                  ;19                 ;0.000476           ;0                  ;6
                    ;8                  ;6                  ;0                  ;19                 ;0.000485           ;0                  ;6
                    ;8                  ;6                  ;0                  ;19                 ;0.000453           ;0                  ;6
                    ;7                  ;6                  ;0                  ;7                  ;0.000319           ;0                  ;6
                    ;19                 ;6                  ;0                  ;7                  ;0.000331           ;0                  ;6
                    ;8                  ;6                  ;0                  ;19                 ;0.000471           ;0                  ;6
                    ;8                  ;6                  ;0                  ;19                 ;0.000467           ;0                  ;6
                    ;27                 ;7                  ;0                  ;56                 ;0.001768           ;0                  ;7
                    ;27                 ;7                  ;0                  ;56                 ;0.00177            ;0                  ;7
                    ;27                 ;7                  ;0                  ;56                 ;0.001368           ;0                  ;7
                    ;10                 ;8                  ;0                  ;1                  ;0.000809           ;0                  ;7
                    ;10                 ;8                  ;0                  ;1                  ;0.000807           ;0                  ;7
                    ;10                 ;8                  ;0                  ;1                  ;0.001056           ;0                  ;7
                    ;10                 ;8                  ;0                  ;1                  ;0.000805           ;0                  ;7
                    ;10                 ;8                  ;0                  ;1                  ;0.000848           ;0                  ;7
                    ;10                 ;8                  ;0                  ;1                  ;0.001048           ;0                  ;7
                    ;10                 ;8                  ;0                  ;1                  ;0.000808           ;0                  ;7
                    ;10                 ;8                  ;0                  ;1                  ;0.000818           ;0                  ;7
                    ;10                 ;8                  ;0                  ;1                  ;0.001083           ;0                  ;7
                    ;10                 ;8                  ;0                  ;1                  ;0.000743           ;0                  ;7
                    ;3                  ;9                  ;0                  ;5                  ;0.000734           ;0                  ;6
                    ;3                  ;9                  ;0                  ;5                  ;0.000556           ;0                  ;6
                    ;3                  ;10                 ;1                  ;5                  ;0.000834           ;0                  ;6
                    ;11                 ;11                 ;1                  ;6                  ;0.000742           ;0                  ;9
                    ;11                 ;11                 ;1                  ;6                  ;0.000705           ;0                  ;9
                    ;11                 ;11                 ;1                  ;6                  ;0.00048            ;0                  ;9
                    ;7                  ;12                 ;1                  ;4                  ;0.001217           ;0                  ;9
                    ;7                  ;12                 ;1                  ;4                  ;0.001218           ;0                  ;9
                    ;7                  ;12                 ;1                  ;4                  ;0.000883           ;0                  ;9
                    ;7                  ;12                 ;1                  ;4                  ;0.001217           ;0                  ;9
                    ;7                  ;12                 ;1                  ;4                  ;0.001219           ;0                  ;9
                    ;7                  ;12                 ;1                  ;4                  ;0.000895           ;0                  ;9
                    ;3                  ;14                 ;1                  ;6                  ;0.0006             ;0                  ;12
                    ;3                  ;14                 ;1                  ;6                  ;0.00059            ;0                  ;12
                    ;3                  ;14                 ;1                  ;6                  ;0.000638           ;0                  ;12
                    ;3                  ;14                 ;1                  ;6                  ;0.000613           ;0                  ;12
                    ;3                  ;14                 ;1                  ;6                  ;0.000601           ;0                  ;12
                    ;3                  ;14                 ;1                  ;6                  ;0.000659           ;0                  ;12
                    ;3                  ;14                 ;1                  ;6                  ;0.000606           ;0                  ;12
                    ;3                  ;14                 ;1                  ;6                  ;0.000596           ;0                  ;12
                    ;3                  ;14                 ;1                  ;6                  ;0.00064            ;0                  ;12
                    ;35                 ;14                 ;1                  ;23                 ;0.000418           ;0                  ;13
                    ;35                 ;14                 ;1                  ;23                 ;0.000423           ;0                  ;13
                    ;35                 ;14                 ;1                  ;23                 ;0.000395           ;0                  ;13
                    ;3                  ;14                 ;1                  ;6                  ;0.000609           ;0                  ;12
                    ;9                  ;15                 ;1                  ;11                 ;0.001111           ;0                  ;14
                    ;9                  ;15                 ;1                  ;11                 ;0.000534           ;0                  ;14
                    ;9                  ;15                 ;1                  ;11                 ;0.000558           ;0                  ;14
                    ;9                  ;15                 ;1                  ;11                 ;0.001108           ;0                  ;14
                    ;9                  ;15                 ;1                  ;11                 ;0.000557           ;0                  ;14
                    ;9                  ;15                 ;1                  ;11                 ;0.000541           ;0                  ;14
                    ;9                  ;15                 ;1                  ;11                 ;0.001099           ;0                  ;14
                    ;9                  ;15                 ;1                  ;11                 ;0.000557           ;0                  ;14
                    ;9                  ;15                 ;1                  ;11                 ;0.000553           ;0                  ;14
                    ;9                  ;15                 ;1                  ;11                 ;0.001123           ;0                  ;14
                    ;9                  ;15                 ;1                  ;11                 ;0.000552           ;0                  ;14
                    ;9                  ;15                 ;1                  ;11                 ;0.000568           ;0                  ;14
                    ;8                  ;15                 ;1                  ;5                  ;0.00131            ;0                  ;10
                    ;8                  ;15                 ;1                  ;5                  ;0.001329           ;0                  ;10
                    ;8                  ;15                 ;1                  ;5                  ;0.001374           ;0                  ;10
                    ;9                  ;15                 ;1                  ;11                 ;0.001113           ;0                  ;14
                    ;9                  ;15                 ;1                  ;11                 ;0.000538           ;0                  ;14
                    ;9                  ;15                 ;1                  ;11                 ;0.000549           ;0                  ;14
                    ;9                  ;15                 ;1                  ;11                 ;0.001101           ;0                  ;14
                    ;9                  ;15                 ;1                  ;11                 ;0.000562           ;0                  ;14
                    ;9                  ;15                 ;1                  ;11                 ;0.000547           ;0                  ;14
                    ;9                  ;15                 ;1                  ;11                 ;0.00055            ;0                  ;14
                    ;9                  ;15                 ;1                  ;11                 ;0.000584           ;0                  ;14
                    ;18                 ;16                 ;1                  ;1                  ;0.003637           ;0                  ;10
                    ;18                 ;16                 ;1                  ;1                  ;0.003674           ;0                  ;10
                    ;18                 ;16                 ;1                  ;1                  ;0.003878           ;0                  ;10
                    ;17                 ;16                 ;1                  ;1                  ;0.001017           ;0                  ;14
                    ;17                 ;16                 ;1                  ;1                  ;0.001017           ;0                  ;14
                    ;17                 ;16                 ;1                  ;1                  ;0.000828           ;0                  ;14
                    ;18                 ;16                 ;1                  ;1                  ;0.003672           ;0                  ;10
                    ;18                 ;16                 ;1                  ;1                  ;0.003707           ;0                  ;10
                    ;18                 ;16                 ;1                  ;1                  ;0.003916           ;0                  ;10
                    ;17                 ;16                 ;1                  ;17                 ;0.00038            ;0                  ;15
                    ;17                 ;16                 ;1                  ;17                 ;0.000384           ;0                  ;15
                    ;17                 ;16                 ;1                  ;17                 ;0.000408           ;0                  ;15
                    ;17                 ;16                 ;1                  ;1                  ;0.001046           ;0                  ;14
                    ;17                 ;16                 ;1                  ;1                  ;0.001017           ;0                  ;14
                    ;17                 ;16                 ;1                  ;1                  ;0.000831           ;0                  ;14
                    ;18                 ;16                 ;1                  ;1                  ;0.003165           ;0                  ;10
                    ;18                 ;16                 ;1                  ;1                  ;0.003664           ;0                  ;10
                    ;18                 ;16                 ;1                  ;1                  ;0.003894           ;0                  ;10
                    ;18                 ;16                 ;1                  ;1                  ;0.004346           ;0                  ;9
                    ;35                 ;17                 ;1                  ;23                 ;0.000437           ;0                  ;16
                    ;35                 ;17                 ;1                  ;23                 ;0.000435           ;0                  ;16
                    ;35                 ;17                 ;1                  ;23                 ;0.00046            ;0                  ;16
                    ;35                 ;17                 ;1                  ;23                 ;0.000442           ;0                  ;16
                    ;35                 ;17                 ;1                  ;23                 ;0.000442           ;0                  ;16
                    ;35                 ;17                 ;1                  ;23                 ;0.000457           ;0                  ;16
                    ;14                 ;18                 ;1                  ;14                 ;0.005917           ;0                  ;13
                    ;14                 ;18                 ;1                  ;14                 ;0.007786           ;0                  ;11
                    ;14                 ;18                 ;1                  ;14                 ;0.008246           ;0                  ;11
                    ;14                 ;18                 ;1                  ;14                 ;0.005907           ;0                  ;13
                    ;14                 ;18                 ;1                  ;14                 ;0.007725           ;0                  ;11
                    ;14                 ;18                 ;1                  ;14                 ;0.008149           ;0                  ;11
                    ;35                 ;18                 ;1                  ;23                 ;0.000558           ;0                  ;17
                    ;35                 ;18                 ;1                  ;23                 ;0.000553           ;0                  ;17
                    ;35                 ;18                 ;1                  ;23                 ;0.000492           ;0                  ;17
                    ;35                 ;18                 ;1                  ;23                 ;0.000433           ;0                  ;17
                    ;35                 ;18                 ;1                  ;23                 ;0.000437           ;0                  ;17
                    ;35                 ;18                 ;1                  ;23                 ;0.000406           ;0                  ;17
                    ;14                 ;18                 ;1                  ;14                 ;0.005882           ;0                  ;13
                    ;14                 ;18                 ;1                  ;14                 ;0.007722           ;0                  ;11
                    ;14                 ;18                 ;1                  ;14                 ;0.00817            ;0                  ;11
                    ;14                 ;18                 ;1                  ;14                 ;0.006349           ;0                  ;13
                    ;14                 ;18                 ;1                  ;14                 ;0.008425           ;0                  ;11
                    ;14                 ;18                 ;1                  ;14                 ;0.006523           ;0                  ;13
                    ;14                 ;18                 ;1                  ;14                 ;0.005997           ;0                  ;13
                    ;14                 ;18                 ;1                  ;14                 ;0.006518           ;0                  ;13
                    ;35                 ;19                 ;1                  ;23                 ;0.000439           ;0                  ;18
                    ;35                 ;19                 ;1                  ;23                 ;0.000577           ;0                  ;18
                    ;35                 ;19                 ;1                  ;23                 ;0.000421           ;0                  ;18
                    ;35                 ;19                 ;1                  ;23                 ;0.000549           ;0                  ;18
                    ;35                 ;19                 ;1                  ;23                 ;0.000406           ;0                  ;18
                    ;35                 ;19                 ;1                  ;23                 ;0.000533           ;0                  ;18
                    ;35                 ;19                 ;1                  ;23                 ;0.000408           ;0                  ;18
                    ;35                 ;19                 ;1                  ;23                 ;0.000546           ;0                  ;18
                    ;3                  ;19                 ;1                  ;6                  ;0.001898           ;0                  ;7
                    ;3                  ;19                 ;1                  ;6                  ;0.001891           ;0                  ;7
                    ;3                  ;19                 ;1                  ;6                  ;0.001884           ;0                  ;7
                    ;3                  ;19                 ;1                  ;6                  ;0.001896           ;0                  ;7
                    ;3                  ;19                 ;1                  ;6                  ;0.001914           ;0                  ;7
                    ;3                  ;19                 ;1                  ;6                  ;0.001877           ;0                  ;7
                    ;35                 ;19                 ;1                  ;23                 ;0.000403           ;0                  ;18
                    ;35                 ;19                 ;1                  ;23                 ;0.000539           ;0                  ;18
                    ;35                 ;19                 ;1                  ;23                 ;0.000433           ;0                  ;18
                    ;35                 ;19                 ;1                  ;23                 ;0.000543           ;0                  ;18
                    ;35                 ;19                 ;1                  ;23                 ;0.000537           ;0                  ;18
                    ;35                 ;19                 ;1                  ;23                 ;0.000546           ;0                  ;18
                    ;3                  ;21                 ;1                  ;6                  ;0.002468           ;0                  ;8
                    ;3                  ;21                 ;1                  ;6                  ;0.002144           ;0                  ;8
                    ;3                  ;21                 ;1                  ;6                  ;0.002736           ;0                  ;9
                    ;3                  ;21                 ;1                  ;6                  ;0.002529           ;0                  ;8
                    ;3                  ;21                 ;1                  ;6                  ;0.002268           ;0                  ;8
                    ;3                  ;21                 ;1                  ;6                  ;0.002696           ;0                  ;9
                    ;3                  ;21                 ;1                  ;6                  ;0.002331           ;0                  ;8
                    ;3                  ;21                 ;1                  ;6                  ;0.002296           ;0                  ;8
                    ;3                  ;21                 ;1                  ;6                  ;0.002244           ;0                  ;8
                    ;3                  ;21                 ;1                  ;6                  ;0.002457           ;0                  ;9
                    ;3                  ;21                 ;1                  ;6                  ;0.002436           ;0                  ;9
                    ;3                  ;21                 ;1                  ;6                  ;0.002384           ;0                  ;9
                    ;3                  ;21                 ;1                  ;6                  ;0.002427           ;0                  ;9
                    ;3                  ;21                 ;1                  ;6                  ;0.002433           ;0                  ;9
                    ;3                  ;21                 ;1                  ;6                  ;0.002284           ;0                  ;9
                    ;3                  ;21                 ;1                  ;6                  ;0.002484           ;0                  ;8
                    ;3                  ;21                 ;1                  ;6                  ;0.002167           ;0                  ;8
                    ;3                  ;21                 ;1                  ;6                  ;0.002713           ;0                  ;9
                    ;3                  ;21                 ;1                  ;6                  ;0.002554           ;0                  ;8
                    ;3                  ;21                 ;1                  ;6                  ;0.00233            ;0                  ;8
                    ;3                  ;21                 ;1                  ;6                  ;0.002656           ;0                  ;9
                    ;3                  ;21                 ;1                  ;6                  ;0.002287           ;0                  ;8
                    ;3                  ;21                 ;1                  ;6                  ;0.002221           ;0                  ;8
                    ;3                  ;21                 ;1                  ;6                  ;0.002214           ;0                  ;8
                    ;3                  ;21                 ;1                  ;6                  ;0.002545           ;0                  ;9
                    ;3                  ;21                 ;1                  ;6                  ;0.002409           ;0                  ;9
                    ;3                  ;21                 ;1                  ;6                  ;0.002378           ;0                  ;9
                    ;3                  ;21                 ;1                  ;6                  ;0.002431           ;0                  ;9
                    ;3                  ;21                 ;1                  ;6                  ;0.002401           ;0                  ;9
                    ;3                  ;21                 ;1                  ;6                  ;0.002234           ;0                  ;9
                    ;3                  ;21                 ;1                  ;6                  ;0.002459           ;0                  ;8
                    ;3                  ;21                 ;1                  ;6                  ;0.00215            ;0                  ;8
                    ;3                  ;21                 ;1                  ;6                  ;0.002723           ;0                  ;9
                    ;3                  ;21                 ;1                  ;6                  ;0.002504           ;0                  ;8
                    ;3                  ;21                 ;1                  ;6                  ;0.00223            ;0                  ;8
                    ;3                  ;21                 ;1                  ;6                  ;0.002645           ;0                  ;9
                    ;3                  ;21                 ;1                  ;6                  ;0.002293           ;0                  ;8
                    ;3                  ;21                 ;1                  ;6                  ;0.002274           ;0                  ;8
                    ;3                  ;21                 ;1                  ;6                  ;0.002211           ;0                  ;8
                    ;3                  ;21                 ;1                  ;6                  ;0.002407           ;0                  ;9
                    ;3                  ;21                 ;1                  ;6                  ;0.002404           ;0                  ;9
                    ;3                  ;21                 ;1                  ;6                  ;0.002372           ;0                  ;9
                    ;3                  ;21                 ;1                  ;6                  ;0.002431           ;0                  ;9
                    ;3                  ;21                 ;1                  ;6                  ;0.002433           ;0                  ;9
                    ;3                  ;21                 ;1                  ;6                  ;0.002233           ;0                  ;9
                    ;3                  ;21                 ;1                  ;6                  ;0.002623           ;0                  ;7
                    ;3                  ;21                 ;1                  ;6                  ;0.002789           ;0                  ;7
                    ;3                  ;21                 ;1                  ;6                  ;0.002318           ;0                  ;8
                    ;3                  ;21                 ;1                  ;6                  ;0.002408           ;0                  ;9
                    ;3                  ;21                 ;1                  ;6                  ;0.002403           ;0                  ;9
                    ;4                  ;25                 ;1                  ;4                  ;0.008329           ;0                  ;3
                    ;12                 ;26                 ;1                  ;9                  ;0.003373           ;0                  ;24
                    ;12                 ;26                 ;1                  ;9                  ;0.003369           ;0                  ;24
                    ;12                 ;26                 ;1                  ;9                  ;0.003165           ;0                  ;24
                    ;12                 ;26                 ;1                  ;9                  ;0.003346           ;0                  ;24
                    ;12                 ;26                 ;1                  ;9                  ;0.003349           ;0                  ;24
                    ;12                 ;26                 ;1                  ;9                  ;0.003188           ;0                  ;24
                    ;40                 ;27                 ;1                  ;56                 ;0.009015           ;0                  ;22
                    ;40                 ;27                 ;1                  ;56                 ;0.007279           ;0                  ;23
                    ;12                 ;27                 ;1                  ;9                  ;0.004507           ;0                  ;18
                    ;12                 ;27                 ;1                  ;9                  ;0.004431           ;0                  ;18
                    ;12                 ;27                 ;1                  ;9                  ;0.004084           ;0                  ;18
                    ;40                 ;27                 ;1                  ;56                 ;0.009024           ;0                  ;22
                    ;40                 ;27                 ;1                  ;56                 ;0.007282           ;0                  ;23
                    ;12                 ;27                 ;1                  ;9                  ;0.004411           ;0                  ;18
                    ;12                 ;27                 ;1                  ;9                  ;0.004397           ;0                  ;18
                    ;12                 ;27                 ;1                  ;9                  ;0.004071           ;0                  ;18
                    ;40                 ;27                 ;1                  ;56                 ;0.008944           ;0                  ;22
                    ;40                 ;27                 ;1                  ;56                 ;0.007239           ;0                  ;23
                    ;40                 ;28                 ;1                  ;56                 ;0.004596           ;0                  ;26
                    ;40                 ;28                 ;1                  ;56                 ;0.004636           ;0                  ;26
                    ;40                 ;28                 ;1                  ;56                 ;0.004665           ;0                  ;26
                    ;16                 ;29                 ;1                  ;23                 ;0.009965           ;0                  ;0
                    ;16                 ;29                 ;1                  ;23                 ;0.009505           ;0                  ;0
                    ;16                 ;29                 ;1                  ;23                 ;0.009511           ;0                  ;0
                    ;16                 ;29                 ;1                  ;23                 ;0.013943           ;0                  ;0
                    ;17                 ;30                 ;2                  ;1                  ;0.000829           ;0                  ;27
                    ;17                 ;30                 ;2                  ;1                  ;0.00075            ;0                  ;27
                    ;17                 ;30                 ;2                  ;1                  ;0.000695           ;0                  ;27
                    ;13                 ;30                 ;2                  ;10                 ;0.005509           ;0                  ;15
                    ;13                 ;30                 ;2                  ;10                 ;0.005439           ;0                  ;15
                    ;13                 ;30                 ;2                  ;10                 ;0.005742           ;0                  ;16
                    ;17                 ;30                 ;2                  ;1                  ;0.000775           ;0                  ;27
                    ;17                 ;30                 ;2                  ;1                  ;0.000803           ;0                  ;27
                    ;17                 ;30                 ;2                  ;1                  ;0.00071            ;0                  ;27
                    ;34                 ;32                 ;2                  ;1                  ;0.019256           ;0                  ;4
                    ;34                 ;32                 ;2                  ;1                  ;0.01202            ;0                  ;18
                    ;34                 ;32                 ;2                  ;1                  ;0.0212             ;0                  ;4
                    ;33                 ;32                 ;2                  ;1                  ;0.015642           ;0                  ;13
                    ;33                 ;32                 ;2                  ;1                  ;0.015695           ;0                  ;13
                    ;33                 ;32                 ;2                  ;1                  ;0.011755           ;0                  ;13
                    ;34                 ;32                 ;2                  ;1                  ;0.019167           ;0                  ;4
                    ;34                 ;32                 ;2                  ;1                  ;0.012141           ;0                  ;18
                    ;34                 ;32                 ;2                  ;1                  ;0.020923           ;0                  ;4
                    ;33                 ;32                 ;2                  ;33                 ;0.000687           ;0                  ;29
                    ;33                 ;32                 ;2                  ;33                 ;0.000694           ;0                  ;29
                    ;33                 ;32                 ;2                  ;33                 ;0.000707           ;0                  ;29
                    ;33                 ;32                 ;2                  ;1                  ;0.01562            ;0                  ;13
                    ;33                 ;32                 ;2                  ;1                  ;0.015617           ;0                  ;13
                    ;33                 ;32                 ;2                  ;1                  ;0.011823           ;0                  ;13
                    ;32                 ;32                 ;2                  ;64                 ;0.010224           ;0                  ;29
                    ;32                 ;32                 ;2                  ;64                 ;0.010166           ;0                  ;29
                    ;32                 ;32                 ;2                  ;64                 ;0.007964           ;0                  ;29
                    ;34                 ;32                 ;2                  ;1                  ;0.019863           ;0                  ;4
                    ;34                 ;32                 ;2                  ;1                  ;0.012027           ;0                  ;18
                    ;34                 ;32                 ;2                  ;1                  ;0.021289           ;0                  ;4
                    ;34                 ;32                 ;2                  ;1                  ;0.017222           ;0                  ;13
                    ;382                ;33                 ;2                  ;82                 ;0.339591           ;0                  ;22
                    ;382                ;33                 ;2                  ;82                 ;0.339152           ;0                  ;22
                    ;382                ;33                 ;2                  ;369                ;1.03699            ;1                  ;0
                    ;382                ;33                 ;2                  ;82                 ;0.339083           ;0                  ;22
                    ;382                ;33                 ;2                  ;82                 ;0.339114           ;0                  ;22
                    ;382                ;33                 ;2                  ;369                ;1.03845            ;1                  ;0
                    ;15                 ;36                 ;2                  ;12                 ;0.00626            ;0                  ;18
                    ;15                 ;36                 ;2                  ;12                 ;0.006314           ;0                  ;18
                    ;15                 ;36                 ;2                  ;12                 ;0.007529           ;0                  ;18
                    ;6                  ;49                 ;2                  ;3                  ;0.045123           ;0                  ;7
                    ;6                  ;49                 ;2                  ;3                  ;0.044665           ;0                  ;7
                    ;6                  ;49                 ;2                  ;3                  ;0.045948           ;0                  ;7
                    ;23                 ;60                 ;3                  ;20                 ;0.021411           ;0                  ;36
                    ;23                 ;60                 ;3                  ;20                 ;0.021342           ;0                  ;36
                    ;23                 ;60                 ;3                  ;20                 ;0.025868           ;0                  ;36
                    ;25                 ;60                 ;3                  ;13                 ;0.095383           ;0                  ;13
                    ;32                 ;61                 ;3                  ;1                  ;0.006065           ;0                  ;52
                    ;32                 ;61                 ;3                  ;1                  ;0.005376           ;0                  ;52
                    ;32                 ;61                 ;3                  ;1                  ;0.005921           ;0                  ;52
                    ;32                 ;61                 ;3                  ;1                  ;0.005331           ;0                  ;52
                    ;32                 ;62                 ;3                  ;1                  ;0.006808           ;0                  ;52
                    ;32                 ;62                 ;3                  ;1                  ;0.006604           ;0                  ;52
                    ;17                 ;74                 ;4                  ;5                  ;0.050283           ;0                  ;23
                    ;17                 ;74                 ;4                  ;5                  ;0.050285           ;0                  ;23
                    ;17                 ;74                 ;4                  ;5                  ;0.068046           ;0                  ;19
                    ;17                 ;74                 ;4                  ;5                  ;0.049839           ;0                  ;23
                    ;17                 ;74                 ;4                  ;5                  ;0.049558           ;0                  ;23
                    ;17                 ;74                 ;4                  ;5                  ;0.067575           ;0                  ;19
                    ;17                 ;74                 ;4                  ;5                  ;0.050344           ;0                  ;23
                    ;17                 ;74                 ;4                  ;5                  ;0.050066           ;0                  ;23
                    ;17                 ;74                 ;4                  ;5                  ;0.067465           ;0                  ;19
                    ;17                 ;74                 ;4                  ;5                  ;0.050092           ;0                  ;23
                    ;19                 ;87                 ;4                  ;9                  ;0.052583           ;0                  ;31
                    ;33                 ;90                 ;5                  ;30                 ;0.04592            ;0                  ;26
                    ;33                 ;90                 ;5                  ;30                 ;0.045868           ;0                  ;26
                    ;33                 ;90                 ;5                  ;30                 ;0.045994           ;0                  ;26
                    ;33                 ;90                 ;5                  ;30                 ;0.04592            ;1                  ;26
                    ;35                 ;96                 ;5                  ;32                 ;0.032953           ;0                  ;65
                    ;35                 ;96                 ;5                  ;32                 ;0.032961           ;0                  ;65
                    ;15                 ;98                 ;5                  ;18                 ;0.063867           ;0                  ;43
                    ;16                 ;117                ;6                  ;12                 ;0.075747           ;0                  ;69
                    ;240                ;128                ;6                  ;64                 ;0.270373           ;0                  ;87
                    ;19                 ;128                ;6                  ;14                 ;0.110795           ;0                  ;81
                    ;16                 ;132                ;7                  ;12                 ;0.135781           ;0                  ;60
                    ;36                 ;135                ;7                  ;39                 ;0.165415           ;0                  ;54
                    ;36                 ;135                ;7                  ;39                 ;0.145633           ;0                  ;83
                    ;36                 ;135                ;7                  ;39                 ;0.165783           ;0                  ;54
                    ;36                 ;135                ;7                  ;39                 ;0.147218           ;0                  ;83
                    ;36                 ;135                ;7                  ;39                 ;0.165647           ;0                  ;54
                    ;36                 ;135                ;7                  ;39                 ;0.14601            ;1                  ;83
                    ;36                 ;135                ;7                  ;39                 ;0.204582           ;0                  ;83
                    ;36                 ;135                ;7                  ;39                 ;0.205349           ;0                  ;83
                    ;36                 ;135                ;7                  ;39                 ;0.165934           ;0                  ;83
                    ;35                 ;164                ;8                  ;49                 ;0.089929           ;0                  ;125
                    ;35                 ;164                ;8                  ;49                 ;0.071187           ;1                  ;128
                    ;35                 ;164                ;8                  ;49                 ;0.090139           ;0                  ;125
                    ;35                 ;164                ;8                  ;49                 ;0.071311           ;0                  ;128
                    ;35                 ;164                ;8                  ;49                 ;0.089178           ;0                  ;125
                    ;35                 ;164                ;8                  ;49                 ;0.071305           ;0                  ;128
                    ;35                 ;164                ;8                  ;49                 ;0.081043           ;0                  ;123
                    ;132                ;190                ;10                 ;65                 ;0.030335           ;0                  ;171
                    ;36                 ;211                ;11                 ;39                 ;0.518422           ;1                  ;90
                    ;36                 ;211                ;11                 ;39                 ;0.519313           ;0                  ;90
                    ;36                 ;211                ;11                 ;39                 ;0.517965           ;1                  ;90
                    ;36                 ;211                ;11                 ;39                 ;0.57888            ;0                  ;41
                    ;262                ;224                ;11                 ;197                ;0.031205           ;1                  ;202
                    ;262                ;224                ;11                 ;197                ;0.031165           ;0                  ;202
                    ;262                ;224                ;11                 ;197                ;0.020388           ;0                  ;202
                    ;228                ;224                ;11                 ;197                ;0.01786            ;0                  ;202
                    ;228                ;224                ;11                 ;197                ;0.024792           ;0                  ;202
                    ;228                ;224                ;11                 ;197                ;0.019373           ;0                  ;202
                    ;262                ;224                ;11                 ;197                ;0.031359           ;0                  ;202
                    ;262                ;224                ;11                 ;197                ;0.031182           ;0                  ;202
                    ;262                ;224                ;11                 ;197                ;0.020477           ;0                  ;202
                    ;228                ;224                ;11                 ;197                ;0.017772           ;0                  ;202
                    ;228                ;224                ;11                 ;197                ;0.024624           ;0                  ;202
                    ;228                ;224                ;11                 ;197                ;0.019237           ;0                  ;202
                    ;258                ;228                ;11                 ;193                ;0.021132           ;0                  ;206
                    ;258                ;228                ;11                 ;193                ;0.021015           ;0                  ;206
                    ;258                ;228                ;11                 ;193                ;0.020698           ;0                  ;206
                    ;47                 ;229                ;11                 ;45                 ;0.143143           ;0                  ;191
                    ;14                 ;359                ;18                 ;32                 ;3.44068            ;4                  ;107
                    ;31                 ;453                ;23                 ;121                ;1.11559            ;1                  ;202
                    ;31                 ;453                ;23                 ;121                ;1.11681            ;1                  ;202
                    ;62                 ;474                ;24                 ;152                ;1.2706             ;1                  ;191
                    ;62                 ;474                ;24                 ;152                ;1.26774            ;1                  ;191
                    ;62                 ;474                ;24                 ;152                ;1.27006            ;1                  ;191
                    ;62                 ;490                ;25                 ;152                ;1.46275            ;2                  ;206
                    ;62                 ;490                ;25                 ;152                ;1.46217            ;1                  ;206
                    ;62                 ;490                ;25                 ;152                ;1.46159            ;2                  ;206
                    ;77                 ;515                ;26                 ;150                ;2.70494            ;2                  ;107
                    ;77                 ;515                ;26                 ;150                ;2.69834            ;3                  ;107
                    ;77                 ;515                ;26                 ;150                ;2.70073            ;3                  ;107
                    ;259                ;530                ;27                 ;129                ;0.694513           ;1                  ;472
                    ;77                 ;534                ;27                 ;150                ;2.73803            ;2                  ;131
                    ;77                 ;534                ;27                 ;150                ;2.74326            ;3                  ;131
                    ;77                 ;534                ;27                 ;150                ;2.74566            ;3                  ;131
                    ;14                 ;540                ;27                 ;87                 ;3.98487            ;4                  ;55
                    ;14                 ;540                ;27                 ;87                 ;3.97749            ;4                  ;55
                    ;217                ;563                ;28                 ;215                ;2.40351            ;2                  ;242
                    ;14                 ;597                ;30                 ;87                 ;3.47119            ;4                  ;71
                    ;62                 ;638                ;32                 ;152                ;2.03951            ;2                  ;299
                    ;62                 ;638                ;32                 ;152                ;2.03905            ;2                  ;299
                    ;62                 ;638                ;32                 ;152                ;2.04599            ;2                  ;299
                    ;31                 ;669                ;33                 ;121                ;2.31122            ;2                  ;266
                    ;260                ;670                ;34                 ;129                ;9.85559            ;10                 ;121
                    ;1130               ;770                ;39                 ;1416               ;32.7953            ;33                 ;310
                    ;115                ;1083               ;54                 ;152                ;15.6404            ;16                 ;418
                    ;38                 ;1424               ;71                 ;304                ;17.3888            ;17                 ;636
                    ;38                 ;1424               ;71                 ;304                ;17.3756            ;18                 ;636
                    ;38                 ;1424               ;71                 ;304                ;17.3723            ;17                 ;636
                    ;38                 ;1426               ;71                 ;304                ;17.613             ;18                 ;641
                    ;38                 ;1426               ;71                 ;304                ;17.5713            ;18                 ;641
                    ;38                 ;1426               ;71                 ;304                ;17.6329            ;17                 ;641
                    ;12                 ;1452               ;73                 ;278                ;17.9437            ;18                 ;734
                    ;28                 ;1464               ;73                 ;106                ;18.7815            ;19                 ;381
                    ;28                 ;1464               ;73                 ;106                ;27.0647            ;27                 ;368
                    ;28                 ;1464               ;73                 ;106                ;18.7865            ;19                 ;381
                    ;28                 ;1464               ;73                 ;106                ;27.0265            ;27                 ;368
                    ;28                 ;1464               ;73                 ;106                ;31.1279            ;32                 ;366
                    ;28                 ;1464               ;73                 ;106                ;31.1441            ;31                 ;366
                    ;28                 ;1464               ;73                 ;106                ;27.318             ;27                 ;366
                    ;28                 ;1464               ;73                 ;106                ;18.7838            ;19                 ;381
                    ;28                 ;1464               ;73                 ;106                ;27.0518            ;27                 ;368
                    ;28                 ;1636               ;82                 ;106                ;22.4175            ;23                 ;407
                    ;28                 ;1636               ;82                 ;106                ;22.3387            ;22                 ;407
                    ;28                 ;1636               ;82                 ;106                ;22.3532            ;23                 ;407
                    ;28                 ;1636               ;82                 ;106                ;22.4028            ;22                 ;406
                    ;35                 ;1728               ;86                 ;320                ;15.1063            ;15                 ;348
                    ;35                 ;1728               ;86                 ;320                ;15.1182            ;15                 ;348
                    ;35                 ;1728               ;86                 ;320                ;15.0755            ;15                 ;348
                    ;35                 ;1728               ;86                 ;320                ;15.0755            ;15                 ;348
                    ;35                 ;1728               ;86                 ;320                ;15.1219            ;15                 ;348
                    ;35                 ;1728               ;86                 ;320                ;15.7433            ;16                 ;407
                    ;35                 ;1728               ;86                 ;320                ;15.7421            ;16                 ;407
                    ;35                 ;1728               ;86                 ;320                ;15.1109            ;15                 ;348
                    ;35                 ;1728               ;86                 ;320                ;13.4112            ;13                 ;461
                    ;128                ;1746               ;87                 ;121                ;40.272             ;41                 ;319
                    ;84                 ;2199               ;110                ;48                 ;44.0991            ;44                 ;635
                    ;162                ;3359               ;168                ;207                ;108.437            ;108                ;723
                    ;234                ;8808               ;440                ;64                 ;949.347            ;951                ;1527
                    ;98                 ;10544              ;527                ;115                ;1277.87            ;1280               ;418
