                    ;3                  ;2                  ;0                  ;5                  ;0.000552           ;0                  ;2
                    ;3                  ;2                  ;0                  ;5                  ;0.000589           ;0                  ;2
                    ;3                  ;2                  ;0                  ;5                  ;0.000545           ;0                  ;2
                    ;2                  ;2                  ;0                  ;1                  ;0.000418           ;0                  ;2
                    ;2                  ;2                  ;0                  ;1                  ;0.000433           ;0                  ;2
                    ;2                  ;2                  ;0                  ;1                  ;0.00038            ;0                  ;2
                    ;3                  ;2                  ;0                  ;5                  ;0.000331           ;0                  ;2
                    ;3                  ;2                  ;0                  ;5                  ;0.000361           ;0                  ;2
                    ;3                  ;2                  ;0                  ;5                  ;0.000444           ;0                  ;2
                    ;4                  ;2                  ;0                  ;4                  ;0.000605           ;0                  ;2
                    ;4                  ;2                  ;0                  ;4                  ;0.000549           ;0                  ;2
                    ;4                  ;2                  ;0                  ;4                  ;0.000467           ;0                  ;2
                    ;2                  ;2                  ;0                  ;1                  ;0.00049            ;0                  ;2
                    ;2                  ;2                  ;0                  ;1                  ;0.00051            ;0                  ;2
                    ;2                  ;2                  ;0                  ;1                  ;0.000619           ;0                  ;2
                    ;4                  ;3                  ;0                  ;1                  ;0.000784           ;0                  ;3
                    ;4                  ;3                  ;0                  ;1                  ;0.000791           ;0                  ;3
                    ;4                  ;3                  ;0                  ;1                  ;0.000753           ;0                  ;3
                    ;4                  ;3                  ;0                  ;1                  ;0.00069            ;0                  ;3
                    ;4                  ;3                  ;0                  ;1                  ;0.000827           ;0                  ;3
                    ;4                  ;3                  ;0                  ;1                  ;0.000806           ;0                  ;3
                    ;2                  ;3                  ;0                  ;2                  ;0.001239           ;0                  ;3
                    ;2                  ;3                  ;0                  ;2                  ;0.001228           ;0                  ;3
                    ;2                  ;3                  ;0                  ;2                  ;0.000979           ;0                  ;3
                    ;3                  ;3                  ;0                  ;4                  ;0.00167            ;0                  ;3
                    ;3                  ;3                  ;0                  ;4                  ;0.001575           ;0                  ;3
                    ;3                  ;3                  ;0                  ;4                  ;0.001787           ;0                  ;3
                    ;3                  ;3                  ;0                  ;5                  ;0.001002           ;0                  ;3
                    ;3                  ;3                  ;0                  ;5                  ;0.000845           ;0                  ;3
                    ;3                  ;3                  ;0                  ;5                  ;0.000857           ;0                  ;3
                    ;2                  ;3                  ;0                  ;3                  ;0.000786           ;0                  ;3
                    ;2                  ;3                  ;0                  ;3                  ;0.000798           ;0                  ;3
                    ;2                  ;3                  ;0                  ;3                  ;0.000721           ;0                  ;3
                    ;1                  ;3                  ;0                  ;2                  ;0.00054            ;0                  ;3
                    ;1                  ;3                  ;0                  ;2                  ;0.000511           ;0                  ;3
                    ;1                  ;3                  ;0                  ;2                  ;0.000547           ;0                  ;3
                    ;2                  ;3                  ;0                  ;2                  ;0.000742           ;0                  ;3
                    ;2                  ;3                  ;0                  ;2                  ;0.000677           ;0                  ;3
                    ;5                  ;3                  ;0                  ;8                  ;0.00106            ;0                  ;3
                    ;5                  ;3                  ;0                  ;8                  ;0.000978           ;0                  ;3
                    ;5                  ;3                  ;0                  ;8                  ;0.000746           ;0                  ;3
                    ;2                  ;3                  ;0                  ;1                  ;0.000622           ;0                  ;3
                    ;2                  ;3                  ;0                  ;1                  ;0.000475           ;0                  ;3
                    ;4                  ;3                  ;0                  ;1                  ;0.002577           ;0                  ;0
                    ;4                  ;3                  ;0                  ;1                  ;0.000688           ;0                  ;3
                    ;4                  ;3                  ;0                  ;1                  ;0.000769           ;0                  ;3
                    ;4                  ;3                  ;0                  ;1                  ;0.00084            ;0                  ;3
                    ;1                  ;3                  ;0                  ;1                  ;0.000411           ;0                  ;3
                    ;1                  ;3                  ;0                  ;1                  ;0.000395           ;0                  ;3
                    ;1                  ;3                  ;0                  ;1                  ;0.000477           ;0                  ;3
                    ;4                  ;3                  ;0                  ;1                  ;0.000724           ;0                  ;3
                    ;1                  ;4                  ;0                  ;1                  ;0.001596           ;0                  ;0
                    ;4                  ;4                  ;0                  ;2                  ;0.003571           ;0                  ;3
                    ;4                  ;4                  ;0                  ;2                  ;0.003569           ;0                  ;3
                    ;4                  ;4                  ;0                  ;2                  ;0.003047           ;0                  ;3
                    ;7                  ;4                  ;0                  ;7                  ;0.001207           ;0                  ;4
                    ;7                  ;4                  ;0                  ;7                  ;0.001156           ;0                  ;4
                    ;7                  ;4                  ;0                  ;7                  ;0.000973           ;0                  ;4
                    ;7                  ;4                  ;0                  ;7                  ;0.006384           ;0                  ;4
                    ;7                  ;4                  ;0                  ;7                  ;0.006402           ;0                  ;4
                    ;7                  ;4                  ;0                  ;7                  ;0.005354           ;0                  ;4
                    ;1                  ;4                  ;0                  ;3                  ;0.001023           ;0                  ;4
                    ;1                  ;4                  ;0                  ;3                  ;0.001017           ;0                  ;4
                    ;1                  ;4                  ;0                  ;3                  ;0.001055           ;0                  ;4
                    ;2                  ;4                  ;0                  ;2                  ;0.001231           ;0                  ;4
                    ;2                  ;4                  ;0                  ;2                  ;0.001106           ;0                  ;4
                    ;2                  ;4                  ;0                  ;2                  ;0.001069           ;0                  ;4
                    ;6                  ;4                  ;0                  ;9                  ;0.000824           ;0                  ;4
                    ;6                  ;4                  ;0                  ;9                  ;0.000777           ;0                  ;4
                    ;6                  ;4                  ;0                  ;9                  ;0.00075            ;0                  ;4
                    ;2                  ;4                  ;0                  ;2                  ;0.001965           ;0                  ;3
                    ;2                  ;4                  ;0                  ;2                  ;0.001478           ;0                  ;4
                    ;2                  ;4                  ;0                  ;2                  ;0.001519           ;0                  ;4
                    ;2                  ;4                  ;0                  ;2                  ;0.001861           ;0                  ;4
                    ;12                 ;4                  ;0                  ;6                  ;0.00266            ;0                  ;4
                    ;12                 ;4                  ;0                  ;6                  ;0.002674           ;0                  ;4
                    ;12                 ;4                  ;0                  ;6                  ;0.007107           ;0                  ;4
                    ;2                  ;4                  ;0                  ;1                  ;0.001243           ;0                  ;3
                    ;5                  ;4                  ;0                  ;16                 ;0.001631           ;0                  ;4
                    ;5                  ;4                  ;0                  ;16                 ;0.001579           ;0                  ;4
                    ;5                  ;4                  ;0                  ;16                 ;0.001358           ;0                  ;4
                    ;1                  ;4                  ;0                  ;1                  ;0.00412            ;0                  ;0
                    ;5                  ;4                  ;0                  ;6                  ;0.001688           ;0                  ;4
                    ;5                  ;4                  ;0                  ;6                  ;0.00174            ;0                  ;4
                    ;5                  ;4                  ;0                  ;6                  ;0.001217           ;0                  ;4
                    ;7                  ;4                  ;0                  ;7                  ;0.001176           ;0                  ;4
                    ;7                  ;4                  ;0                  ;7                  ;0.00123            ;0                  ;4
                    ;7                  ;4                  ;0                  ;7                  ;0.001012           ;0                  ;4
                    ;18                 ;5                  ;0                  ;19                 ;0.003789           ;0                  ;5
                    ;18                 ;5                  ;0                  ;19                 ;0.003356           ;0                  ;5
                    ;18                 ;5                  ;0                  ;19                 ;0.002705           ;0                  ;5
                    ;18                 ;5                  ;0                  ;19                 ;0.003282           ;0                  ;5
                    ;18                 ;5                  ;0                  ;19                 ;0.003201           ;0                  ;5
                    ;18                 ;5                  ;0                  ;19                 ;0.00237            ;0                  ;5
                    ;18                 ;5                  ;0                  ;19                 ;0.003405           ;0                  ;5
                    ;18                 ;5                  ;0                  ;19                 ;0.003417           ;0                  ;5
                    ;18                 ;5                  ;0                  ;19                 ;0.002591           ;0                  ;5
                    ;18                 ;5                  ;0                  ;19                 ;0.003227           ;0                  ;5
                    ;18                 ;5                  ;0                  ;19                 ;0.003095           ;0                  ;5
                    ;18                 ;5                  ;0                  ;19                 ;0.002373           ;0                  ;5
                    ;2                  ;5                  ;0                  ;1                  ;0.028752           ;0                  ;0
                    ;9                  ;5                  ;0                  ;19                 ;0.005479           ;0                  ;5
                    ;9                  ;5                  ;0                  ;19                 ;0.0055             ;0                  ;5
                    ;9                  ;5                  ;0                  ;19                 ;0.004616           ;0                  ;5
                    ;2                  ;5                  ;0                  ;2                  ;0.003584           ;0                  ;5
                    ;2                  ;5                  ;0                  ;2                  ;0.003615           ;0                  ;5
                    ;2                  ;5                  ;0                  ;2                  ;0.004792           ;0                  ;5
                    ;7                  ;5                  ;0                  ;2                  ;0.00682            ;0                  ;5
                    ;7                  ;5                  ;0                  ;2                  ;0.00697            ;0                  ;5
                    ;7                  ;5                  ;0                  ;2                  ;0.004359           ;0                  ;5
                    ;8                  ;5                  ;0                  ;6                  ;0.079733           ;0                  ;0
                    ;8                  ;5                  ;0                  ;6                  ;0.007126           ;0                  ;5
                    ;8                  ;5                  ;0                  ;6                  ;0.007266           ;0                  ;5
                    ;8                  ;5                  ;0                  ;6                  ;0.003844           ;0                  ;5
                    ;18                 ;5                  ;0                  ;19                 ;0.003551           ;0                  ;5
                    ;18                 ;5                  ;0                  ;19                 ;0.003009           ;0                  ;5
                    ;18                 ;5                  ;0                  ;19                 ;0.002714           ;0                  ;5
                    ;18                 ;5                  ;0                  ;19                 ;0.003227           ;0                  ;5
                    ;18                 ;5                  ;0                  ;19                 ;0.003155           ;0                  ;5
                    ;18                 ;5                  ;0                  ;19                 ;0.002469           ;0                  ;5
                    ;11                 ;5                  ;0                  ;9                  ;0.009447           ;0                  ;5
                    ;11                 ;5                  ;0                  ;9                  ;0.009592           ;0                  ;5
                    ;11                 ;5                  ;0                  ;9                  ;0.005378           ;0                  ;5
                    ;9                  ;5                  ;0                  ;10                 ;0.009526           ;1                  ;5
                    ;9                  ;5                  ;0                  ;10                 ;0.009605           ;0                  ;5
                    ;9                  ;5                  ;0                  ;10                 ;0.009894           ;0                  ;5
                    ;6                  ;5                  ;0                  ;3                  ;0.165792           ;0                  ;5
                    ;6                  ;5                  ;0                  ;3                  ;0.170947           ;0                  ;5
                    ;6                  ;5                  ;0                  ;3                  ;0.182733           ;0                  ;5
                    ;18                 ;5                  ;0                  ;19                 ;0.003672           ;0                  ;5
                    ;18                 ;5                  ;0                  ;19                 ;0.003131           ;0                  ;5
                    ;7                  ;6                  ;0                  ;7                  ;0.002995           ;0                  ;6
                    ;7                  ;6                  ;0                  ;7                  ;0.002649           ;0                  ;6
                    ;7                  ;6                  ;0                  ;7                  ;0.002145           ;0                  ;6
                    ;19                 ;6                  ;0                  ;7                  ;0.002082           ;0                  ;6
                    ;19                 ;6                  ;0                  ;7                  ;0.002014           ;0                  ;6
                    ;19                 ;6                  ;0                  ;7                  ;0.00244            ;0                  ;6
                    ;8                  ;6                  ;0                  ;19                 ;0.007637           ;0                  ;6
                    ;8                  ;6                  ;0                  ;19                 ;0.007444           ;1                  ;6
                    ;8                  ;6                  ;0                  ;19                 ;0.007378           ;0                  ;6
                    ;8                  ;6                  ;0                  ;19                 ;0.008406           ;0                  ;6
                    ;8                  ;6                  ;0                  ;19                 ;0.007585           ;0                  ;6
                    ;8                  ;6                  ;0                  ;19                 ;0.007781           ;0                  ;6
                    ;7                  ;6                  ;0                  ;7                  ;0.002906           ;0                  ;6
                    ;7                  ;6                  ;0                  ;7                  ;0.0027             ;0                  ;6
                    ;7                  ;6                  ;0                  ;7                  ;0.002215           ;0                  ;6
                    ;19                 ;6                  ;0                  ;7                  ;0.002105           ;0                  ;6
                    ;19                 ;6                  ;0                  ;7                  ;0.002084           ;0                  ;6
                    ;19                 ;6                  ;0                  ;7                  ;0.002354           ;0                  ;6
                    ;8                  ;6                  ;0                  ;19                 ;0.007748           ;0                  ;6
                    ;8                  ;6                  ;0                  ;19                 ;0.007636           ;0                  ;6
                    ;8                  ;6                  ;0                  ;19                 ;0.007292           ;0                  ;6
                    ;8                  ;6                  ;0                  ;19                 ;0.008107           ;0                  ;6
                    ;8                  ;6                  ;0                  ;19                 ;0.007832           ;0                  ;6
                    ;8                  ;6                  ;0                  ;19                 ;0.007818           ;0                  ;6
                    ;5                  ;6                  ;0                  ;2                  ;0.005279           ;0                  ;5
                    ;5                  ;6                  ;0                  ;2                  ;0.005306           ;0                  ;5
                    ;5                  ;6                  ;0                  ;2                  ;0.004704           ;0                  ;5
                    ;7                  ;6                  ;0                  ;19                 ;0.01206            ;0                  ;6
                    ;7                  ;6                  ;0                  ;19                 ;0.012161           ;0                  ;6
                    ;7                  ;6                  ;0                  ;19                 ;0.00577            ;0                  ;6
                    ;7                  ;6                  ;0                  ;19                 ;0.012149           ;0                  ;6
                    ;7                  ;6                  ;0                  ;19                 ;0.01205            ;0                  ;6
                    ;7                  ;6                  ;0                  ;19                 ;0.00584            ;0                  ;6
                    ;7                  ;6                  ;0                  ;7                  ;0.003105           ;0                  ;6
                    ;7                  ;6                  ;0                  ;7                  ;0.002682           ;0                  ;6
                    ;7                  ;6                  ;0                  ;7                  ;0.002262           ;0                  ;6
                    ;19                 ;6                  ;0                  ;7                  ;0.002081           ;0                  ;6
                    ;19                 ;6                  ;0                  ;7                  ;0.002115           ;0                  ;6
                    ;19                 ;6                  ;0                  ;7                  ;0.002345           ;0                  ;6
                    ;16                 ;6                  ;0                  ;23                 ;0.003757           ;0                  ;6
                    ;16                 ;6                  ;0                  ;23                 ;0.00373            ;0                  ;6
                    ;16                 ;6                  ;0                  ;23                 ;0.004322           ;0                  ;6
                    ;8                  ;6                  ;0                  ;19                 ;0.00761            ;0                  ;6
                    ;8                  ;6                  ;0                  ;19                 ;0.007515           ;0                  ;6
                    ;8                  ;6                  ;0                  ;19                 ;0.007286           ;0                  ;6
                    ;8                  ;6                  ;0                  ;19                 ;0.008063           ;0                  ;6
                    ;8                  ;6                  ;0                  ;19                 ;0.00769            ;0                  ;6
                    ;8                  ;6                  ;0                  ;19                 ;0.007288           ;0                  ;6
                    ;7                  ;6                  ;0                  ;7                  ;0.002686           ;0                  ;6
                    ;19                 ;6                  ;0                  ;7                  ;0.002108           ;0                  ;6
                    ;8                  ;6                  ;0                  ;19                 ;0.007574           ;0                  ;6
                    ;8                  ;6                  ;0                  ;19                 ;0.007793           ;0                  ;6
                    ;27                 ;7                  ;0                  ;56                 ;0.110486           ;0                  ;7
                    ;27                 ;7                  ;0                  ;56                 ;0.110333           ;0                  ;7
                    ;27                 ;7                  ;0                  ;56                 ;0.069039           ;0                  ;7
                    ;10                 ;8                  ;0                  ;1                  ;0.009664           ;1                  ;7
                    ;10                 ;8                  ;0                  ;1                  ;0.00946            ;0                  ;7
                    ;10                 ;8                  ;0                  ;1                  ;0.009777           ;0                  ;7
                    ;10                 ;8                  ;0                  ;1                  ;0.009621           ;0                  ;7
                    ;10                 ;8                  ;0                  ;1                  ;0.009609           ;0                  ;7
                    ;10                 ;8                  ;0                  ;1                  ;0.009763           ;0                  ;7
                    ;10                 ;8                  ;0                  ;1                  ;0.00959            ;0                  ;7
                    ;10                 ;8                  ;0                  ;1                  ;0.009717           ;0                  ;7
                    ;10                 ;8                  ;0                  ;1                  ;0.009737           ;0                  ;7
                    ;10                 ;8                  ;0                  ;1                  ;0.009578           ;0                  ;7
                    ;3                  ;9                  ;0                  ;5                  ;0.010903           ;0                  ;6
                    ;3                  ;9                  ;0                  ;5                  ;0.005837           ;0                  ;6
                    ;3                  ;10                 ;1                  ;5                  ;0.015247           ;0                  ;6
                    ;11                 ;11                 ;1                  ;6                  ;0.031068           ;0                  ;10
                    ;11                 ;11                 ;1                  ;6                  ;0.028686           ;0                  ;10
                    ;11                 ;11                 ;1                  ;6                  ;0.01123            ;0                  ;10
                    ;7                  ;12                 ;1                  ;4                  ;0.038328           ;0                  ;9
                    ;7                  ;12                 ;1                  ;4                  ;0.037917           ;0                  ;9
                    ;7                  ;12                 ;1                  ;4                  ;0.019732           ;0                  ;9
                    ;7                  ;12                 ;1                  ;4                  ;0.040989           ;0                  ;9
                    ;7                  ;12                 ;1                  ;4                  ;0.041099           ;0                  ;9
                    ;7                  ;12                 ;1                  ;4                  ;0.020596           ;0                  ;9
                    ;3                  ;14                 ;1                  ;6                  ;0.013591           ;0                  ;12
                    ;3                  ;14                 ;1                  ;6                  ;0.013073           ;0                  ;12
                    ;3                  ;14                 ;1                  ;6                  ;0.015264           ;0                  ;12
                    ;3                  ;14                 ;1                  ;6                  ;0.013978           ;0                  ;12
                    ;3                  ;14                 ;1                  ;6                  ;0.013459           ;0                  ;12
                    ;3                  ;14                 ;1                  ;6                  ;0.015132           ;0                  ;12
                    ;3                  ;14                 ;1                  ;6                  ;0.013685           ;0                  ;12
                    ;3                  ;14                 ;1                  ;6                  ;0.013176           ;0                  ;12
                    ;3                  ;14                 ;1                  ;6                  ;0.015796           ;0                  ;12
                    ;35                 ;14                 ;1                  ;23                 ;0.012302           ;0                  ;13
                    ;35                 ;14                 ;1                  ;23                 ;0.012391           ;0                  ;13
                    ;35                 ;14                 ;1                  ;23                 ;0.009039           ;0                  ;13
                    ;3                  ;14                 ;1                  ;6                  ;0.013666           ;0                  ;12
                    ;9                  ;15                 ;1                  ;11                 ;0.010819           ;0                  ;14
                    ;9                  ;15                 ;1                  ;11                 ;0.012705           ;0                  ;14
                    ;9                  ;15                 ;1                  ;11                 ;0.010757           ;0                  ;14
                    ;9                  ;15                 ;1                  ;11                 ;0.011081           ;0                  ;14
                    ;9                  ;15                 ;1                  ;11                 ;0.014281           ;0                  ;14
                    ;9                  ;15                 ;1                  ;11                 ;0.011215           ;0                  ;14
                    ;9                  ;15                 ;1                  ;11                 ;0.011297           ;0                  ;14
                    ;9                  ;15                 ;1                  ;11                 ;0.012784           ;0                  ;14
                    ;9                  ;15                 ;1                  ;11                 ;0.010625           ;0                  ;14
                    ;9                  ;15                 ;1                  ;11                 ;0.011992           ;0                  ;14
                    ;9                  ;15                 ;1                  ;11                 ;0.013938           ;0                  ;14
                    ;9                  ;15                 ;1                  ;11                 ;0.011101           ;0                  ;14
                    ;8                  ;15                 ;1                  ;5                  ;0.045216           ;0                  ;10
                    ;8                  ;15                 ;1                  ;5                  ;0.045192           ;0                  ;10
                    ;8                  ;15                 ;1                  ;5                  ;0.047077           ;0                  ;10
                    ;9                  ;15                 ;1                  ;11                 ;0.010893           ;0                  ;14
                    ;9                  ;15                 ;1                  ;11                 ;0.012836           ;0                  ;14
                    ;9                  ;15                 ;1                  ;11                 ;0.011165           ;0                  ;14
                    ;9                  ;15                 ;1                  ;11                 ;0.011096           ;0                  ;14
                    ;9                  ;15                 ;1                  ;11                 ;0.013371           ;0                  ;14
                    ;9                  ;15                 ;1                  ;11                 ;0.011722           ;0                  ;14
                    ;9                  ;15                 ;1                  ;11                 ;0.00878            ;0                  ;15
                    ;9                  ;15                 ;1                  ;11                 ;0.009403           ;0                  ;15
                    ;18                 ;16                 ;1                  ;1                  ;0.051399           ;1                  ;10
                    ;18                 ;16                 ;1                  ;1                  ;0.051009           ;0                  ;10
                    ;18                 ;16                 ;1                  ;1                  ;0.046232           ;0                  ;10
                    ;17                 ;16                 ;1                  ;1                  ;0.068224           ;0                  ;14
                    ;17                 ;16                 ;1                  ;1                  ;0.068445           ;0                  ;14
                    ;17                 ;16                 ;1                  ;1                  ;0.048369           ;0                  ;14
                    ;18                 ;16                 ;1                  ;1                  ;0.062494           ;0                  ;10
                    ;18                 ;16                 ;1                  ;1                  ;0.051586           ;0                  ;10
                    ;18                 ;16                 ;1                  ;1                  ;0.046362           ;0                  ;10
                    ;17                 ;16                 ;1                  ;17                 ;0.009207           ;0                  ;15
                    ;17                 ;16                 ;1                  ;17                 ;0.009177           ;0                  ;15
                    ;17                 ;16                 ;1                  ;17                 ;0.009791           ;0                  ;15
                    ;17                 ;16                 ;1                  ;1                  ;0.067616           ;0                  ;14
                    ;17                 ;16                 ;1                  ;1                  ;0.067515           ;0                  ;14
                    ;17                 ;16                 ;1                  ;1                  ;0.047581           ;0                  ;14
                    ;18                 ;16                 ;1                  ;1                  ;0.051035           ;0                  ;10
                    ;18                 ;16                 ;1                  ;1                  ;0.051373           ;0                  ;10
                    ;18                 ;16                 ;1                  ;1                  ;0.046445           ;0                  ;10
                    ;18                 ;16                 ;1                  ;1                  ;0.052192           ;0                  ;9
                    ;35                 ;17                 ;1                  ;23                 ;0.017369           ;0                  ;16
                    ;35                 ;17                 ;1                  ;23                 ;0.014553           ;0                  ;16
                    ;35                 ;17                 ;1                  ;23                 ;0.013835           ;0                  ;16
                    ;35                 ;17                 ;1                  ;23                 ;0.014657           ;0                  ;16
                    ;35                 ;17                 ;1                  ;23                 ;0.013605           ;0                  ;16
                    ;35                 ;17                 ;1                  ;23                 ;0.014615           ;0                  ;16
                    ;14                 ;18                 ;1                  ;14                 ;0.146432           ;0                  ;13
                    ;14                 ;18                 ;1                  ;14                 ;0.17356            ;1                  ;11
                    ;14                 ;18                 ;1                  ;14                 ;0.153506           ;0                  ;11
                    ;14                 ;18                 ;1                  ;14                 ;0.144085           ;0                  ;13
                    ;14                 ;18                 ;1                  ;14                 ;0.172941           ;0                  ;11
                    ;14                 ;18                 ;1                  ;14                 ;0.152422           ;0                  ;11
                    ;35                 ;18                 ;1                  ;23                 ;0.022112           ;0                  ;18
                    ;35                 ;18                 ;1                  ;23                 ;0.021869           ;0                  ;18
                    ;35                 ;18                 ;1                  ;23                 ;0.016556           ;0                  ;18
                    ;35                 ;18                 ;1                  ;23                 ;0.01861            ;1                  ;18
                    ;35                 ;18                 ;1                  ;23                 ;0.023146           ;0                  ;18
                    ;35                 ;18                 ;1                  ;23                 ;0.013689           ;0                  ;18
                    ;14                 ;18                 ;1                  ;14                 ;0.153793           ;0                  ;13
                    ;14                 ;18                 ;1                  ;14                 ;0.138222           ;0                  ;11
                    ;14                 ;18                 ;1                  ;14                 ;0.165708           ;0                  ;11
                    ;14                 ;18                 ;1                  ;14                 ;0.184149           ;0                  ;13
                    ;14                 ;18                 ;1                  ;14                 ;0.168695           ;1                  ;11
                    ;14                 ;18                 ;1                  ;14                 ;0.180001           ;0                  ;13
                    ;14                 ;18                 ;1                  ;14                 ;0.155567           ;0                  ;13
                    ;14                 ;18                 ;1                  ;14                 ;0.200614           ;0                  ;13
                    ;35                 ;19                 ;1                  ;23                 ;0.014814           ;0                  ;19
                    ;35                 ;19                 ;1                  ;23                 ;0.017159           ;0                  ;18
                    ;35                 ;19                 ;1                  ;23                 ;0.01504            ;0                  ;19
                    ;35                 ;19                 ;1                  ;23                 ;0.023465           ;0                  ;18
                    ;35                 ;19                 ;1                  ;23                 ;0.014341           ;1                  ;19
                    ;35                 ;19                 ;1                  ;23                 ;0.017174           ;0                  ;18
                    ;35                 ;19                 ;1                  ;23                 ;0.016116           ;0                  ;19
                    ;35                 ;19                 ;1                  ;23                 ;0.026998           ;0                  ;18
                    ;3                  ;19                 ;1                  ;6                  ;0.032964           ;0                  ;7
                    ;3                  ;19                 ;1                  ;6                  ;0.032723           ;0                  ;7
                    ;3                  ;19                 ;1                  ;6                  ;0.035817           ;0                  ;7
                    ;3                  ;19                 ;1                  ;6                  ;0.029027           ;0                  ;7
                    ;3                  ;19                 ;1                  ;6                  ;0.033014           ;0                  ;7
                    ;3                  ;19                 ;1                  ;6                  ;0.036513           ;0                  ;7
                    ;35                 ;19                 ;1                  ;23                 ;0.015222           ;0                  ;19
                    ;35                 ;19                 ;1                  ;23                 ;0.01761            ;0                  ;18
                    ;35                 ;19                 ;1                  ;23                 ;0.015661           ;0                  ;19
                    ;35                 ;19                 ;1                  ;23                 ;0.018232           ;0                  ;18
                    ;35                 ;19                 ;1                  ;23                 ;0.017454           ;0                  ;18
                    ;35                 ;19                 ;1                  ;23                 ;0.018235           ;0                  ;18
                    ;3                  ;21                 ;1                  ;6                  ;0.051947           ;0                  ;8
                    ;3                  ;21                 ;1                  ;6                  ;0.048195           ;0                  ;8
                    ;3                  ;21                 ;1                  ;6                  ;0.047801           ;0                  ;9
                    ;3                  ;21                 ;1                  ;6                  ;0.050788           ;0                  ;8
                    ;3                  ;21                 ;1                  ;6                  ;0.048825           ;0                  ;8
                    ;3                  ;21                 ;1                  ;6                  ;0.046591           ;0                  ;9
                    ;3                  ;21                 ;1                  ;6                  ;0.047647           ;0                  ;9
                    ;3                  ;21                 ;1                  ;6                  ;0.048985           ;0                  ;9
                    ;3                  ;21                 ;1                  ;6                  ;0.043557           ;0                  ;9
                    ;3                  ;21                 ;1                  ;6                  ;0.063457           ;0                  ;9
                    ;3                  ;21                 ;1                  ;6                  ;0.060475           ;0                  ;9
                    ;3                  ;21                 ;1                  ;6                  ;0.0582             ;0                  ;9
                    ;3                  ;21                 ;1                  ;6                  ;0.058931           ;0                  ;9
                    ;3                  ;21                 ;1                  ;6                  ;0.060844           ;0                  ;9
                    ;3                  ;21                 ;1                  ;6                  ;0.057415           ;1                  ;9
                    ;3                  ;21                 ;1                  ;6                  ;0.054353           ;0                  ;8
                    ;3                  ;21                 ;1                  ;6                  ;0.048638           ;0                  ;8
                    ;3                  ;21                 ;1                  ;6                  ;0.048255           ;0                  ;9
                    ;3                  ;21                 ;1                  ;6                  ;0.056865           ;0                  ;8
                    ;3                  ;21                 ;1                  ;6                  ;0.047948           ;0                  ;8
                    ;3                  ;21                 ;1                  ;6                  ;0.047869           ;0                  ;9
                    ;3                  ;21                 ;1                  ;6                  ;0.050555           ;0                  ;9
                    ;3                  ;21                 ;1                  ;6                  ;0.049229           ;0                  ;9
                    ;3                  ;21                 ;1                  ;6                  ;0.043905           ;0                  ;9
                    ;3                  ;21                 ;1                  ;6                  ;0.062312           ;0                  ;9
                    ;3                  ;21                 ;1                  ;6                  ;0.060497           ;0                  ;9
                    ;3                  ;21                 ;1                  ;6                  ;0.05738            ;0                  ;9
                    ;3                  ;21                 ;1                  ;6                  ;0.062985           ;1                  ;9
                    ;3                  ;21                 ;1                  ;6                  ;0.060792           ;0                  ;9
                    ;3                  ;21                 ;1                  ;6                  ;0.056392           ;0                  ;9
                    ;3                  ;21                 ;1                  ;6                  ;0.051618           ;0                  ;8
                    ;3                  ;21                 ;1                  ;6                  ;0.045164           ;0                  ;8
                    ;3                  ;21                 ;1                  ;6                  ;0.046682           ;0                  ;9
                    ;3                  ;21                 ;1                  ;6                  ;0.050678           ;0                  ;8
                    ;3                  ;21                 ;1                  ;6                  ;0.046311           ;0                  ;8
                    ;3                  ;21                 ;1                  ;6                  ;0.04546            ;0                  ;9
                    ;3                  ;21                 ;1                  ;6                  ;0.047646           ;0                  ;9
                    ;3                  ;21                 ;1                  ;6                  ;0.046838           ;0                  ;9
                    ;3                  ;21                 ;1                  ;6                  ;0.041467           ;0                  ;9
                    ;3                  ;21                 ;1                  ;6                  ;0.064164           ;0                  ;9
                    ;3                  ;21                 ;1                  ;6                  ;0.059763           ;0                  ;9
                    ;3                  ;21                 ;1                  ;6                  ;0.056354           ;0                  ;9
                    ;3                  ;21                 ;1                  ;6                  ;0.058863           ;0                  ;9
                    ;3                  ;21                 ;1                  ;6                  ;0.060051           ;0                  ;9
                    ;3                  ;21                 ;1                  ;6                  ;0.054037           ;0                  ;9
                    ;3                  ;21                 ;1                  ;6                  ;0.04393            ;0                  ;7
                    ;3                  ;21                 ;1                  ;6                  ;0.046324           ;0                  ;7
                    ;3                  ;21                 ;1                  ;6                  ;0.048026           ;0                  ;9
                    ;3                  ;21                 ;1                  ;6                  ;0.058452           ;0                  ;9
                    ;3                  ;21                 ;1                  ;6                  ;0.063646           ;0                  ;9
                    ;4                  ;25                 ;1                  ;4                  ;0.102596           ;0                  ;3
                    ;12                 ;26                 ;1                  ;9                  ;0.224634           ;1                  ;24
                    ;12                 ;26                 ;1                  ;9                  ;0.223698           ;0                  ;24
                    ;12                 ;26                 ;1                  ;9                  ;0.190582           ;0                  ;24
                    ;12                 ;26                 ;1                  ;9                  ;0.268547           ;0                  ;24
                    ;12                 ;26                 ;1                  ;9                  ;0.273168           ;0                  ;24
                    ;12                 ;26                 ;1                  ;9                  ;0.283552           ;0                  ;24
                    ;40                 ;27                 ;1                  ;56                 ;0.244143           ;0                  ;22
                    ;40                 ;27                 ;1                  ;56                 ;0.26359            ;1                  ;23
                    ;12                 ;27                 ;1                  ;9                  ;0.234576           ;0                  ;18
                    ;12                 ;27                 ;1                  ;9                  ;0.233217           ;0                  ;18
                    ;12                 ;27                 ;1                  ;9                  ;0.194739           ;0                  ;18
                    ;40                 ;27                 ;1                  ;56                 ;0.257888           ;1                  ;22
                    ;40                 ;27                 ;1                  ;56                 ;0.346249           ;0                  ;23
                    ;12                 ;27                 ;1                  ;9                  ;0.358966           ;0                  ;18
                    ;12                 ;27                 ;1                  ;9                  ;0.359401           ;1                  ;18
                    ;12                 ;27                 ;1                  ;9                  ;0.315236           ;0                  ;18
                    ;40                 ;27                 ;1                  ;56                 ;0.31878            ;1                  ;22
                    ;40                 ;27                 ;1                  ;56                 ;0.344848           ;0                  ;23
                    ;40                 ;28                 ;1                  ;56                 ;0.360799           ;0                  ;27
                    ;40                 ;28                 ;1                  ;56                 ;0.299891           ;1                  ;27
                    ;40                 ;28                 ;1                  ;56                 ;0.36081            ;0                  ;27
                    ;16                 ;29                 ;1                  ;23                 ;0.311129           ;0                  ;0
                    ;16                 ;29                 ;1                  ;23                 ;0.379873           ;1                  ;0
                    ;16                 ;29                 ;1                  ;23                 ;0.317385           ;0                  ;0
                    ;16                 ;29                 ;1                  ;23                 ;0.364561           ;0                  ;0
                    ;17                 ;30                 ;2                  ;1                  ;0.107918           ;1                  ;27
                    ;17                 ;30                 ;2                  ;1                  ;0.108147           ;0                  ;27
                    ;17                 ;30                 ;2                  ;1                  ;0.091055           ;0                  ;27
                    ;13                 ;30                 ;2                  ;10                 ;0.281148           ;0                  ;15
                    ;13                 ;30                 ;2                  ;10                 ;0.281963           ;0                  ;15
                    ;13                 ;30                 ;2                  ;10                 ;0.369293           ;0                  ;16
                    ;17                 ;30                 ;2                  ;1                  ;0.106957           ;0                  ;27
                    ;17                 ;30                 ;2                  ;1                  ;0.106945           ;0                  ;27
                    ;17                 ;30                 ;2                  ;1                  ;0.090349           ;0                  ;27
                    ;34                 ;32                 ;2                  ;1                  ;0.338499           ;1                  ;4
                    ;34                 ;32                 ;2                  ;1                  ;0.284181           ;0                  ;18
                    ;34                 ;32                 ;2                  ;1                  ;0.390342           ;0                  ;4
                    ;33                 ;32                 ;2                  ;1                  ;0.553604           ;1                  ;13
                    ;33                 ;32                 ;2                  ;1                  ;0.558467           ;1                  ;13
                    ;33                 ;32                 ;2                  ;1                  ;0.334812           ;0                  ;13
                    ;34                 ;32                 ;2                  ;1                  ;0.337826           ;0                  ;4
                    ;34                 ;32                 ;2                  ;1                  ;0.283655           ;1                  ;18
                    ;34                 ;32                 ;2                  ;1                  ;0.390381           ;0                  ;4
                    ;33                 ;32                 ;2                  ;33                 ;0.068149           ;0                  ;29
                    ;33                 ;32                 ;2                  ;33                 ;0.068064           ;0                  ;29
                    ;33                 ;32                 ;2                  ;33                 ;0.071702           ;0                  ;29
                    ;33                 ;32                 ;2                  ;1                  ;0.536568           ;1                  ;13
                    ;33                 ;32                 ;2                  ;1                  ;0.54672            ;0                  ;13
                    ;33                 ;32                 ;2                  ;1                  ;0.324115           ;1                  ;13
                    ;32                 ;32                 ;2                  ;64                 ;47.4655            ;47                 ;29
                    ;32                 ;32                 ;2                  ;64                 ;47.5384            ;48                 ;29
                    ;32                 ;32                 ;2                  ;64                 ;28.9909            ;29                 ;29
                    ;34                 ;32                 ;2                  ;1                  ;0.337145           ;0                  ;4
                    ;34                 ;32                 ;2                  ;1                  ;0.284864           ;0                  ;18
                    ;34                 ;32                 ;2                  ;1                  ;0.390375           ;1                  ;4
                    ;34                 ;32                 ;2                  ;1                  ;0.329803           ;0                  ;13
                    ;382                ;33                 ;2                  ;82                 ;992.564            ;994                ;22
                    ;382                ;33                 ;2                  ;82                 ;985.056            ;987                ;22
                    ;382                ;33                 ;2                  ;369                ;1550.59            ;1552               ;0
                    ;382                ;33                 ;2                  ;82                 ;830.029            ;832                ;22
                    ;382                ;33                 ;2                  ;82                 ;880.596            ;881                ;22
                    ;382                ;33                 ;2                  ;369                ;1504.42            ;1506               ;0
                    ;15                 ;36                 ;2                  ;12                 ;0.469558           ;0                  ;18
                    ;15                 ;36                 ;2                  ;12                 ;0.465528           ;1                  ;18
                    ;15                 ;36                 ;2                  ;12                 ;0.61255            ;0                  ;18
                    ;6                  ;49                 ;2                  ;3                  ;1.11206            ;1                  ;7
                    ;6                  ;49                 ;2                  ;3                  ;1.10015            ;1                  ;7
                    ;6                  ;49                 ;2                  ;3                  ;1.1774             ;1                  ;7
                    ;23                 ;60                 ;3                  ;20                 ;1.60088            ;2                  ;36
                    ;23                 ;60                 ;3                  ;20                 ;1.58891            ;1                  ;36
                    ;23                 ;60                 ;3                  ;20                 ;2.31609            ;3                  ;36
                    ;25                 ;60                 ;3                  ;13                 ;4.4949             ;4                  ;13
                    ;32                 ;61                 ;3                  ;1                  ;0.632984           ;1                  ;52
                    ;32                 ;61                 ;3                  ;1                  ;0.566234           ;0                  ;52
                    ;32                 ;61                 ;3                  ;1                  ;0.597388           ;1                  ;52
                    ;32                 ;61                 ;3                  ;1                  ;0.481842           ;0                  ;52
                    ;32                 ;62                 ;3                  ;1                  ;0.641991           ;0                  ;52
                    ;32                 ;62                 ;3                  ;1                  ;0.624958           ;1                  ;52
                    ;17                 ;74                 ;4                  ;5                  ;1.13645            ;1                  ;25
                    ;17                 ;74                 ;4                  ;5                  ;1.33156            ;1                  ;25
                    ;17                 ;74                 ;4                  ;5                  ;1.73749            ;2                  ;22
                    ;17                 ;74                 ;4                  ;5                  ;1.12105            ;1                  ;25
                    ;17                 ;74                 ;4                  ;5                  ;1.32019            ;2                  ;25
                    ;17                 ;74                 ;4                  ;5                  ;1.7298             ;1                  ;22
                    ;17                 ;74                 ;4                  ;5                  ;1.17853            ;2                  ;25
                    ;17                 ;74                 ;4                  ;5                  ;1.1703             ;1                  ;25
                    ;17                 ;74                 ;4                  ;5                  ;1.79879            ;2                  ;22
                    ;17                 ;74                 ;4                  ;5                  ;1.15391            ;1                  ;24
                    ;19                 ;87                 ;4                  ;9                  ;1.17109            ;1                  ;34
                    ;33                 ;90                 ;5                  ;30                 ;7.68714            ;8                  ;26
                    ;33                 ;90                 ;5                  ;30                 ;7.68819            ;7                  ;26
                    ;33                 ;90                 ;5                  ;30                 ;7.75068            ;8                  ;26
                    ;33                 ;90                 ;5                  ;30                 ;7.77208            ;8                  ;26
                    ;35                 ;96                 ;5                  ;32                 ;6.65254            ;7                  ;65
                    ;35                 ;96                 ;5                  ;32                 ;6.66799            ;6                  ;65
                    ;15                 ;98                 ;5                  ;18                 ;1.79708            ;2                  ;44
                    ;16                 ;117                ;6                  ;12                 ;2.97106            ;3                  ;69
                    ;240                ;128                ;6                  ;64                 ;125.205            ;126                ;95
                    ;19                 ;128                ;6                  ;14                 ;6.49012            ;6                  ;79
                    ;16                 ;132                ;7                  ;12                 ;6.13166            ;6                  ;60
                    ;36                 ;135                ;7                  ;39                 ;7.52398            ;8                  ;54
                    ;36                 ;135                ;7                  ;39                 ;6.05013            ;6                  ;83
                    ;36                 ;135                ;7                  ;39                 ;7.56104            ;8                  ;54
                    ;36                 ;135                ;7                  ;39                 ;6.09535            ;6                  ;83
                    ;36                 ;135                ;7                  ;39                 ;7.52204            ;7                  ;54
                    ;36                 ;135                ;7                  ;39                 ;6.03038            ;6                  ;83
                    ;36                 ;135                ;7                  ;39                 ;11.0044            ;11                 ;83
                    ;36                 ;135                ;7                  ;39                 ;11.8146            ;12                 ;83
                    ;36                 ;135                ;7                  ;39                 ;7.37301            ;8                  ;83
                    ;35                 ;164                ;8                  ;49                 ;5.96123            ;6                  ;125
                    ;35                 ;164                ;8                  ;49                 ;5.33797            ;5                  ;128
                    ;35                 ;164                ;8                  ;49                 ;5.95606            ;6                  ;125
                    ;35                 ;164                ;8                  ;49                 ;5.33613            ;5                  ;128
                    ;35                 ;164                ;8                  ;49                 ;5.99729            ;6                  ;125
                    ;35                 ;164                ;8                  ;49                 ;5.39055            ;6                  ;128
                    ;35                 ;164                ;8                  ;49                 ;5.88594            ;6                  ;123
                    ;132                ;190                ;10                 ;65                 ;20.9092            ;21                 ;171
                    ;36                 ;211                ;11                 ;39                 ;34.2247            ;34                 ;90
                    ;36                 ;211                ;11                 ;39                 ;34.8477            ;35                 ;90
                    ;36                 ;211                ;11                 ;39                 ;34.2582            ;34                 ;90
                    ;36                 ;211                ;11                 ;39                 ;36.1565            ;37                 ;41
                    ;262                ;224                ;11                 ;197                ;84.5486            ;84                 ;223
                    ;262                ;224                ;11                 ;197                ;84.6392            ;85                 ;223
                    ;262                ;224                ;11                 ;197                ;18.72              ;19                 ;221
                    ;228                ;224                ;11                 ;197                ;11.5508            ;11                 ;202
                    ;228                ;224                ;11                 ;197                ;9.8233             ;10                 ;202
                    ;228                ;224                ;11                 ;197                ;10.8254            ;11                 ;202
                    ;262                ;224                ;11                 ;197                ;71.562             ;72                 ;223
                    ;262                ;224                ;11                 ;197                ;71.5381            ;72                 ;223
                    ;262                ;224                ;11                 ;197                ;15.9484            ;16                 ;221
                    ;228                ;224                ;11                 ;197                ;10.4973            ;10                 ;202
                    ;228                ;224                ;11                 ;197                ;9.78598            ;10                 ;202
                    ;228                ;224                ;11                 ;197                ;9.86762            ;10                 ;202
                    ;258                ;228                ;11                 ;193                ;18.1124            ;18                 ;226
                    ;258                ;228                ;11                 ;193                ;18.778             ;19                 ;226
                    ;258                ;228                ;11                 ;193                ;19.191             ;19                 ;223
                    ;47                 ;229                ;11                 ;45                 ;116.775            ;117                ;191
                    ;14                 ;359                ;18                 ;32                 ;2472.09            ;2476               ;112
                    ;31                 ;453                ;23                 ;121                ;95.1881            ;95                 ;205
                    ;31                 ;453                ;23                 ;121                ;93.1202            ;93                 ;205
                    ;62                 ;474                ;24                 ;152                ;99.5588            ;100                ;192
                    ;62                 ;474                ;24                 ;152                ;99.2348            ;99                 ;192
                    ;62                 ;474                ;24                 ;152                ;99.7517            ;100                ;192
                    ;62                 ;490                ;25                 ;152                ;161.518            ;162                ;207
                    ;62                 ;490                ;25                 ;152                ;167.325            ;168                ;207
                    ;62                 ;490                ;25                 ;152                ;163.404            ;163                ;207
                    ;77                 ;515                ;26                 ;150                ;608.605            ;610                ;108
                    ;77                 ;515                ;26                 ;150                ;630.44             ;631                ;108
                    ;77                 ;515                ;26                 ;150                ;606.184            ;607                ;108
                    ;259                ;530                ;27                 ;129                ;5530.18            ;5538               ;472
                    ;77                 ;534                ;27                 ;150                ;687.658            ;688                ;134
                    ;77                 ;534                ;27                 ;150                ;688.156            ;690                ;134
                    ;77                 ;534                ;27                 ;150                ;683.999            ;685                ;134
                    ;14                 ;540                ;27                 ;87                 ;1335.71            ;1337               ;55
                    ;14                 ;540                ;27                 ;87                 ;1341.05            ;1343               ;55
                    ;217                ;563                ;28                 ;215                ;828.398            ;829                ;247
                    ;14                 ;597                ;30                 ;87                 ;833.923            ;836                ;71
                    ;62                 ;638                ;32                 ;152                ;292.734            ;293                ;301
                    ;62                 ;638                ;32                 ;152                ;282.598            ;283                ;301
                    ;62                 ;638                ;32                 ;152                ;292.461            ;293                ;301
                    ;31                 ;669                ;33                 ;121                ;312.96             ;313                ;266
                    ;260                ;670                ;34                 ;129                ;8450.51            ;8462               ;121
                    ;1130               ;770                ;39                 ;1416               ;135008             ;135187             ;315
                    ;115                ;1083               ;54                 ;152                ;19076              ;19101              ;425
                    ;38                 ;1424               ;71                 ;304                ;17682.6            ;17707              ;639
                    ;38                 ;1424               ;71                 ;304                ;17378.5            ;17403              ;639
                    ;38                 ;1424               ;71                 ;304                ;17747.1            ;17774              ;639
                    ;38                 ;1426               ;71                 ;304                ;18470.5            ;18496              ;643
                    ;38                 ;1426               ;71                 ;304                ;18323.9            ;18351              ;643
                    ;38                 ;1426               ;71                 ;304                ;18502.5            ;18527              ;643
                    ;12                 ;1452               ;73                 ;278                ;18977.3            ;19003              ;734
                    ;28                 ;1464               ;73                 ;106                ;13757.2            ;13775              ;381
                    ;28                 ;1464               ;73                 ;106                ;26032.4            ;26067              ;368
                    ;28                 ;1464               ;73                 ;106                ;13793.2            ;13812              ;381
                    ;28                 ;1464               ;73                 ;106                ;25764.1            ;25798              ;368
                    ;28                 ;1464               ;73                 ;106                ;35248.3            ;35295              ;368
                    ;28                 ;1464               ;73                 ;106                ;35639.8            ;35687              ;368
                    ;28                 ;1464               ;73                 ;106                ;26376              ;26410              ;368
                    ;28                 ;1464               ;73                 ;106                ;13767.4            ;13786              ;381
                    ;28                 ;1464               ;73                 ;106                ;26013.9            ;26047              ;368
                    ;28                 ;1636               ;82                 ;106                ;16327.2            ;16349              ;407
                    ;28                 ;1636               ;82                 ;106                ;16178.1            ;16201              ;407
                    ;28                 ;1636               ;82                 ;106                ;                   ;                   ;
